work_id,task_no,is_correct,comment
W007,4.3,,
W007,4.11,,
W007,5.4,,
W007,7.2,,
W007,7.5,,
W007,8.3,,
W007,8.7,,
W008,14.3а,,
W008,14.3б,,
W008,14.6а,,
W008,14.6б,,
W015,4а,,
W015,4б,,
W015,5а,,
W015,5б,,
W015,7,,
W029,97,,
W029,121,,
W029,127,,
W038,575,,
W038,577,,
W038,579,,
W038,580,,
W038,581,,
W043,1,,
W043,2,,
W043,4,,
W043,6,,
W043,8,,
W043,9,,
W043,10,,
W043,12,,
W043,13,,
W043,14,,
W043,16,,
W043,17,,
W043,18,,
W043,19,,
W043,21,,
W043,22,,
W043,23,,
W043,24,,
W043,25,,
W043,26,,
W043,28,,
W043,29,,
W043,30,,
W043,31,,
W054,7,,
W054,8,,
W054,В1-1а,,
W054,В1-1б,,
W054,В1-1в,,
W054,В1-1г,,
W054,В1-1д,,
W054,В1-2а,,
W054,В1-2б,,
W054,В1-2в,,
W054,В1-3а,,
W054,В1-3б,,
W054,В1-4,,
W054,В1-5,,
W054,В2-1а,,
W054,В2-1б,,
W054,В2-1в,,
W054,В2-1г,,
W054,В2-1д,,
W054,В2-2а,,
W054,В2-2б,,
W054,В2-2в,,
W054,В2-4,,
W054,В2-5,,
