work,task_no,label,verdict,cause,label_should_be,comment
W002,7,1,incorrect,nitpick,,"Модель сама подтвердила, что y(0)=17 — наименьшее, и засчитала ошибкой только отсутствие проверки концов отрезка [−5;3] — это пропущенное обоснование, не ошибка по правилам."
W005,В2-2,0,correct,ocr_autocorrect,,"На фото «cos α = 3/5» (знак «=» одной чертой, минуса нет), в транскрипции «cos α = −3/5» — модель дописала верный знак и не увидела, что ученик не определил знак по четверти."
W005,В2-3.1,1,not_solved,ocr,,"На фото итог «2 sin α cos β» не зачёркнут (зачёркнута лишь помарка перед ним), в транскрипции он помечен ~~…~~, поэтому модель сочла решение брошенным (not_solved)."
W005,В2-4,1,incorrect,ocr,,"На фото третья дробь «2 sin45° cos25° / (−cos25°)» без минуса в числителе, а в транскрипции «−2 sin45° cos25° / (−cos25°)»; модель засчитала этот лишний минус как ошибку ученика."
W009,Б2-12,0,correct,task,,"В task.json стрелки векторов распознаны в обратную сторону: a(3;−5), b(2;4), как и у ученика, при верных a(−3;5), b(−2;−4), поэтому перевёрнутые векторы показались верными. У c в task.json вообще (−7;3) вместо (−8;3), а у ученика (8;−3); модель и это расхождение пропустила, так как ответ 15 совпал с эталоном."
W009,Б2-27,0,correct,missed,,"По task.json a = (4;3)→(1;4) = (−3;1), а у ученика a(3;−1), то есть расхождение было видно, но модель не сверила векторы с рисунком и поверила совпадению ответа 8 с эталоном. Кроме того, b в task.json распознан неточно: (−4;−6) вместо (−4;−8)."
W010,Б1-14А,0,correct,ocr_autocorrect,,"На фото «35 + 6 = 31, Отв: 31» (и в чистовике, и в зачёркнутом черновике), а в транскрипции «35+6=41, Отв: 41» — модель исправила арифметическую ошибку ученика."
W011,4.4,0,correct,other,,"Модель нашла ту же ошибку, что и разметка (при делении на 3 получилось 14x − 3x² = 0 вместо 14x − x² = 0), но поставила correct, потому что на ответ 5 это не повлияло. По правилам неверный шаг — ошибка, даже если ответ не изменился, так что вердикт противоречит найденной ошибке."
W011,11.3,1,not_solved,ocr,,"На фото «x = ~~5~~ 3» и «Отв: ~~5~~ 3»: зачёркнута 5, а 3 написана рядом. В транскрипции «x=~~3~~, Отв: ~~3~~», то есть зачёркнутым помечен итоговый ответ, поэтому модель сочла решение брошенным. Условия 11.3 в task.json нет."
W012,2,1,incorrect,ocr,,"На фото «(8·4)+(−9·3)=5», а над скобками надписаны результаты 32 и −27. В транскрипции это «(8^{32}·4)^{…}·(−9·3)^{−27}», то есть промежуточные числа прочитаны как показатели степени, и модель назвала запись бессмысленной."
W012,11,1,incorrect,task,,"В task.json рисунок распознан неверно: гипербола через (2;2), прямая через (1;−1) и (2;2). Эталонный ответ −0,2 согласуется с точками ученика (2;1) и (1;−4), а по task.json ответ был бы −2/3. Модель поверила неверному рисунку и засчитала верные точки ошибкой."
W013,2а,1,incorrect,label,0 — на фото после sin x = 0 и 2cos x + √2 = 0 выписаны только x = 3π/4 + 2πn и x = 5π/4 + 2πn; серия x = πn потеряна (в задаче 1 на стр. 1 ученик её пишет),"Модель права: транскрипция совпадает с фото, серии x = πn нет нигде на странице. В разметке «x = πn, ±3π/4 + 2πn» — это, видимо, эталон, а не запись ученика."
W014,15а,0,correct,missed,,"Транскрипция полная (найдены x = 1 и y = 7), но модель не заметила, что c не найдено: нет подстановки f(1) = 3 − 3 + c = 7, а ответ 7 совпал случайно, потому что f(1) = c."
W015,5а,1,incorrect,nitpick,,"Логика ученика (MO — средняя линия, MO ∥ A₁C, значит MO ⊂ α и O ∈ α) верна. Модель засчитала ошибкой неполное обоснование (не сказано, что O — середина B₁C, и почему прямая MO лежит в α) и корявую формулировку — это пропущенные обоснования."
W024,5.13,1,incorrect,label,"0 — на фото x₂ = (−51+9)/(−28) = −42/(−28) = −1,5 и «Ответ: −1,5; 15/7» (минус отчётливо виден и в строке x₂, и в ответе): это ошибка знака при делении","Модель права: транскрипция совпадает с фото. На наших фото красных пометок проверяющего нет; если разметчик видел другую версию, где ученик исправил знак, надо сверить с ней."
W024,6.2,1,incorrect,nitpick,,"В решении верно получено x = 2 ± √3, а в строке ответа ученик переписал «−√2+2; √2+2» (на нашем фото видна именно 2). Это описка при переписывании ответа, которая по правилам не считается ошибкой."
W028,124,1,incorrect,label,"0 — ошибка знака в уравнении 60/(x+10) − 60/x = 3, 20(x+10) переписано как 2(x+10), D = 64 − 4·(−20) = 144 (при a = −1 должно быть 64 − 80), в ответ 10 записана скорость второго рабочего, а у первого 20","Модель права (и фото это подтверждает): в решении реальные вычислительные ошибки, а x = 10 получилось случайно. В notes разметки ошибки перечислены, но поставлен 1 — видимо, при конвертации ошибочно добавилась приставка «Не ошибка по правилам»."
W028,127,1,incorrect,nitpick,,"В решении x = 13 получено верно, а в ответ выписано 23 (√D). Ещё модель придралась к записи «D = 9 + 520 = 23» вместо √D = 23. По правилам неверно выписанный ответ и мелочи записи — не ошибка."
W029,127,1,incorrect,ocr,,"На фото x = (3 ± 23)/2, а перед 3 стоит исправленная помарка (минус переправлен/зачёркнут). Транскрипция прочитала «(−3 ± 23)/2», и модель обвинила ученика в ошибке знака и подгонке под ответ 13."
W037,576,1,not_solved,ocr,,"Верхние три строки стр. 2 («…= 25 + 11 = 36; гипотенуза равна сумме p и q ⇒ c = 25 + 36 = 61», 61 обведено) на фото не зачёркнуты — зачёркнуты только «AH» и «№577». В транскрипции все три строки помечены ~~…~~, и модель сочла решение брошенным. Начала решения на фото действительно нет."
W046,9,1,not_solved,ocr,,"На фото внизу стр. 2 после «№8 Ответ 3 2 4» идёт отдельная строка «Ответ: 4» с пометкой «/9» (номер 9). Транскрипция номер 9 не распознала и приписала «Ответ: 4» к №8, поэтому модель решила, что №9 нет. К тому же в task.json нет условий задач 8–15."
W046,14,1,not_solved,not_found,,"Решение №14 на стр.4 есть (перебор 1)–4) и «Ответ: 2»), но заголовок «№14» распознан как «N11» и помечен зачёркнутым (~~N11~~), поэтому модель сочла задачу нерешённой; первопричина — ocr номера."
W046,19,1,incorrect,task,,"Рисунок условия распознан неверно: в task.json x < z < y < 0, тогда как по ключу (ответ 1, z − x < 0) z левее x; ученик нарисовал z, y, x слева направо и ответил 1 верно, модель по ошибочному рисунку требовала 3."
W046,50,1,incorrect,ocr,,"В тетради «Ответ: 0,3» (3 написана рукописно, похожа на з/7), в транскрипции «0,7»; модель засчитала ошибкой 0,7 вместо 0,2 + 0,1 = 0,3. Также знак между 0,2 и 0,1 распознан как «:»."
W051,103,0,correct,missed,,"Модель видела в транскрипции √(2a²) = 2a и √3872 : 2 = √1936, но первое сочла «presentation», а второе (верно √968) не заметила; ошибки компенсировали друг друга, ответ 44 совпал."
W052,73,1,incorrect,ocr,,"На фото «∠ABC = 78 + 40 = 118» (у ученика 7 с перекладиной), в транскрипции «138 + 40 = 178»; модель засчитала ошибку «подставлено 138 вместо 78». Заголовок №73 распознан как «№ 43», но сопоставление сработало."
W053,В1-3а,1,incorrect,nitpick,,"Решение верное до x < 6, на прямой отмечена 6, но в ответе выписано (−∞; 4) (на фото действительно 4) — по правилам неверно выписанный ответ при верном решении не ошибка."
W053,В2-5,1,not_solved,not_found,,"Решение №5 вар II есть: знаки неравенств ученик исправлял поверх (≥/≤), итог x ≤ 3/17 и прямая с точкой 3/17; транскрипция передала исправления как зачёркивания, и модель сочла решение зачёркнутым."
W054,В1-1в,0,correct,ocr,,"У ученика x > 30 и ответ (30; ∞); жирную «[» поверх «(» дописал проверяющий, а транскрипция приняла её за скобку ученика; модель видела строгое x > 30, но списала его на «notational»."
W054,В1-1д,0,correct,ocr_autocorrect,,"На фото «x < 0» и «Ответ: x ∈ (−∞; 0)», в транскрипции «x ≤ 0» и «(−∞; 0]» — модель исправила ошибку ученика (потерянный 0) при распознавании."
W054,В1-2б,1,incorrect,nitpick,,"После 45 − 9x < 0 записано −9x < 45 (пропущен минус), но следующая строка x > 5 верна — описка в строке, исправленная дальше, по правилам не ошибка. Случай пограничный («ошибка знака в любом шаге»), но x > 5 выведено из верного −9x < −45."
W060,6,0,correct,ocr_autocorrect,,"На бланке крупно «7,6» (первая цифра с горизонтальной перекладиной — 7), транскрипция «1,6» = верному ответу 8,8·0,8/4,4 = 1,6. Чтение спорное (1 с длинным флажком), разметка уже отмечена как спорная."
W060,8,1,incorrect,ocr,,"На бланке «0,02» (последняя цифра с хвостиком вправо — 2), в транскрипции «0,01»; модель засчитала ошибку 0,01 вместо x/5 = 0,02."
W062,Б1-9,1,incorrect,ocr,,"На фото 28(t − 0,6) + 10t = 82, 38t = 82 + 16,8, 38t = 98,8, t = 98,8/38 = 2,6 ч, s = 26 км; в транскрипции 82→32, 38→33, 98,8→99,8, «2,6 ч»→«2,64», и все 4 найденные моделью ошибки порождены распознаванием."
W063,Б1-97,1,incorrect,ocr,,"На фото 10x + 16(1,22 − x) = 14,3, −6x = −5,22, x = 0,87, «Ответ: 87%» (рукописная 7 похожа на 4); в транскрипции 20x, −4x, 0,84 и 84%, модель нашла несуществующие ошибки."
W074,101,1,incorrect,task,,"В task.json под №101 условие из другого блока (биссектрисы трапеции, AF = 24, BF = 32), а реальное — диагональ квадрата со стороной 7√2 (d = 14); модель решила, что «решена не та задача». Вторично: ученик не извлёк корень (196 вместо 14) — по правилам не ошибка."
W075,45а,1,incorrect,ocr,,"На фото «5 + 7 + 5 = 17» (средняя цифра того же начертания, что 7 в «17»), в транскрипции «5 + 4 + 5 = 17»; модель засчитала ошибку «слагаемое 4 вместо 7»."
W077,Б2-1.1,1,incorrect,ocr,,"В Блоке 2 на фото «№1 1) 13; 2) 9», в транскрипции «1) 3; 2) 3»; модель решила, что найден a₃ вместо a₅ = 13."
W077,Б2-1.2,1,incorrect,ocr,,"На фото «2) 9» (b₃ = 9 верно), в транскрипции «2) 3» — цифра 9 распознана как 3."
W077,Б2-2,1,incorrect,ocr,,"На фото «6,2» с длинной косой запятой, в транскрипции «6,12» (запятая прочитана как ',1'); верный ответ a₆ = 6,2."
W077,Б2-4,1,not_solved,not_found,,"Ученик зачеркнул прежний ответ и написал сверху «−56,4»; транскрипция отнесла зачёркивание к −56,4 (~~-56,4~~), и модель решила «ответ зачёркнут, нового нет»; первопричина — ocr."
W078,Б2-16,0,correct,task,,"Рисунок условия распознан как ряды 4, 10, 16 квадратов, и модель, «исправив» ключ 167 на 4 + 27·6 = 166, засчитала ответ ученика 166; по ключу в первом ряду 5 квадратов (5 + 27·6 = 167). Оригинал условия в папке отсутствует, но тот же ключ 167 и в W077."
