work,split,task_no,label,pred,verdict,human_missed,label_text,model_errors,student_answer,correct_answer
W017,dev,1,0,0,incorrect,False,"Ошибка в знаке: 12(x+5) + 12(x−5) = x²−25 записано с минусом (12(x+5) − 12(x−5)), далее «120−1=x²−25» неизвестно откуда; получено x=12. Верно: 24x = x²−25, x²−24x−25=0, x=25 км/ч; Номера по варианту № 79266553 (task_1: «Вариант»), не по сборнику. Проверяющий обвёл «1» с «откуда?» и зачеркнул ответ 12; подписи «по течению x−5 / против x+5» перепутаны (на сумму не влияет)","[conceptual] Скорость по течению равна x + 5, а против течения — x - 5, у вас записано наоборот. | [conceptual] Неверно составлено уравнение: лодка отправилась через 1 час после плота, который прошел 50 км со скоростью реки 5 км/ч (то есть плот плыл 10 ч). Значит, лодка была в пути 10 - 1 = 9 часов: общее время движения лодки t_по + t_против = 9, то есть 108/(x+5) + 108/(x-5) = 9.",12 км/ч,25
W017,dev,3,0,0,incorrect,False,"При делении на 2a не учтён a = −1: x₂ = (−14+16)/2 = 1 вместо (−14+16)/(−2) = −1, а x₁ = 15 отброшен как «−15». Ответ 1 км/ч, верно 15 км/ч; Проверяющий дописал минусы в знаменателях, обвёл 15 и написал 15; первая попытка (8(x+5)+6(x−5)) зачёркнута","[conceptual] При приведении к общему знаменателю правая часть уравнения (единица) должна умножаться на знаменатель (x^2 - 25), а не оставаться единицей: 8(x-5) + 6(x+5) = x^2 - 25. | [computational] В уравнении -x^2 + 14x + 15 = 0 коэффициент a = -1, поэтому делить нужно на 2a = -2. Кроме того, собственная скорость баржи 1 км/ч не может быть меньше скорости течения реки (5 км/ч).",1 км/ч,15
W017,dev,4,1,1,correct,False,"Ответ 14 км/ч, проверяющий поставил +. Первая попытка с числом 106 зачёркнута; в строке «105(x+16) − 105x = 4» пропущено x(x+16) справа, в следующей строке исправлено","[presentation] Пропущен множитель x(x+16) в правой части (описка при переходе к следующей строке, так как в следующей строке 4x^2 + 64x учтено верно).",14 км/ч,14
W017,dev,6,1,1,correct,False,"Ответ 18 км/ч, проверяющий поставил +. В строке «153(x+16) − 153x = 4» пропущено x(x+16) справа, в следующей строке исправлено","[presentation] Пропущен множитель x(x+16) в правой части при переходе, но на следующем шаге 4x^2 + 64x записано верно.",18 км/ч,18
W022,dev,В3-1,0,0,incorrect,False,"Неверная подстановка: x − x(−1−3x) = 8 ⟺ 3x² + 2x − 8 = 0, у ученика x − x − 1 − 3x = 8. Верный ответ (4/3; −5), (−2; 5), у ученика (−3; 8); Схема номеров: В3-N / В4-N — вариант 3 / вариант 4 (task_1 / task_2), ученик решал оба. Нет отметки проверяющего","[conceptual] При подстановке y = -1 - 3x во второе уравнение x - xy = 8 пропущены скобки: должно быть x - x(-1 - 3x) = 8, то есть x + x + 3x^2 = 8, а не x - x - 1 - 3x = 8.",(-3; 2),(4/3; -5); (-2; 5)
W022,dev,В3-2,1,1,correct,False,5 см и 9 см; описка x² + 4x = 45 = 0; нет отметки проверяющего,,5 см и 9 см,5 см и 9 см
W022,dev,В3-3,1,1,correct,False,"(4; 1), (1; −4); проверяющий +",,(4; 1); (1; -4),(1; -4); (4; 1)
W022,dev,В4-1,1,1,correct,False,"(3,2; 0,24), (−3; −1); первая попытка зачёркнута; проверяющий +","[notational] Переменная квадратного уравнения — y, но ученик обозначил корни как x_1 и x_2, хотя на следующем шаге верно подставил их как значения y.","(3,2; 0,24); (-3; -1)","(3,2; 0,24); (-3; -1)"
W022,dev,В4-2,,0,incorrect,False,"Начато, не доведено: ошибка в знаке a² − 13a − 42 = 0 (должно +42, стороны 6 и 7), остановился на (13 ± √337)/2; нет отметки проверяющего",[computational] Ошибка в знаке при переносе слагаемых: должно быть a^2 - 13a + 42 = 0. Из-за этого стороны не были найдены.,x = (13 ± \sqrt{337})/2,6 см и 7 см
W022,dev,В4-3,1,1,correct,False,"(3; 1), (−4; 8); проверяющий +",,(3; 1); (-4; 8),(3; 1); (-4; 8)
W024,dev,4.4,0,0,incorrect,False,"Ошибка в знаке: x₂ = (1 − 5)/2 = −2, у ученика 4/2 = 2; ответ −1; 2; 3 вместо −1; −2; 3; Нумерация: задание.номер по листу условия (Задания 4–10). Проверяющий исправил 2 на −2 в решении и в ответе","[computational] Ошибка при вычислении: 1 - 5 = -4, поэтому x_2 = -4/2 = -2, а не 2.",-1; 2; 3,-2; -1; 3
W024,dev,4.5,1,1,correct,False,Проверяющий поставил +,,-4; -3; 2,-4; -3; 2
W024,dev,4.13,1,1,correct,False,Проверяющий поставил +,,-5,-5
W024,dev,4.14,1,1,correct,False,"Первая попытка вычислений зачёркнута (верх стр. 2), решение продолжено на стр. 3; проверяющий поставил +",,-7,-7
W024,dev,5.3,0,0,incorrect,False,"Неверный знаменатель в формуле корней: 2a = 6 (уравнение 3x² − 2x − 1 = 0), у ученика делит на 2; Проверяющий обвёл 3 и исправил знаменатели на 6 | √16 = 4, у ученика подставлено 16: x = (2 ± 16)/2 = 9; −7. Верно x = (2 ± 4)/6 = 1; −1/3; Вторая ошибка в той же задаче; проверяющий отметил только знаменатель","[conceptual] В формуле корней использован дискриминант D=16 вместо \sqrt{D}=4, а в знаменателе 2 вместо 2a=6.",9; -7,-1/3; 1
W024,dev,5.5,0,0,incorrect,False,"Неверный знаменатель: 2a = 20 (10x² − 3x − 1 = 0), у ученика 2: x = (3 ± 7)/2 = −2; 5. Верно x = (3 ± 7)/20 = −1/5; 1/2; Проверяющий обвёл 10 и исправил знаменатели на 20","[conceptual] В знаменателе формулы корней должно быть 2a = 20, а не 2.",-2; 5,"-0,2; 0,5"
W024,dev,5.11,1,1,correct,False,"Первая попытка зачёркнута; описка в промежуточной строке 4x² − 21x + 28 (должно +26), D посчитан с 26 верно; ответ 3,25; 2; проверяющий поставил +","[notational] Для уравнения 4x^2 - 21x + 26 = 0 при a=4 формула корней содержит -b = 21 и 2a = 8, ученик ошибочно записал знаки коэффициентов исходного уравнения (-b = -21, 2a = -8), однако знаки числителя и знаменателя взаимно уничтожились и значения найдены верно.","3,25; 2","2; 3,25"
W024,dev,5.13,0,0,incorrect,True,"ошибка знака при делении: x₂ = −42/(−28) записано как −1,5, ответ «−1,5; 15/7»; верно 1,5; Формула корней записана с −51 и −28 (для −14x² + 51x − 45 = 0), результат 1,5; 15/7 верный; проверяющий поставил +; Исправлено после разбора ошибок (Ксения)","[computational] Ошибка знака: -42 / (-28) = +1,5, а не -1,5.","-1,5; 15/7","1,5; 15/7"
W024,dev,6.2,1,0,incorrect,False,"подкоренные числа в ответе перекрыты красными «3» проверяющего, что было у ученика — неразборчиво; в решении x = 2 ± √3, проверяющий поставил + у обоих корней","[computational] В решении верно получено x = \sqrt{3}+2 и x = -\sqrt{3}+2, но в итоговом ответе корень из 3 ошибочно заменён на корень из 2.",-\sqrt{2}+2; \sqrt{2}+2,2-\sqrt{3}; 2+\sqrt{3}
W024,dev,6.4,1,1,correct,False,"Описка: во второй ветке x − 4 = √7 без минуса, далее x = −√7 + 4 верно; проверяющий поставил +",,\sqrt{7}+4; -\sqrt{7}+4,4-\sqrt{7}; 4+\sqrt{7}
W024,dev,6.6,1,1,correct,False,"небрежная запись 5 под корнем (в строке x = √5+3 похоже на 6, во втором корне ответа похоже на √3); по решению (x−3)² = 5 ответ 3 ± √5; проверяющий поставил +",,-\sqrt{5}+3; \sqrt{5}+3,3-\sqrt{5}; 3+\sqrt{5}
W024,dev,7.1,1,1,correct,False,Первая запись условия зачёркнута; проверяющий поставил +,,x=4; x=-5,-5; 4
W024,dev,7.4,0,0,incorrect,False,"Вычислительная ошибка: x₂ = (−2 + 8)/2 = 6/2 = 3, у ученика 7/2 = 3,5; ответ −5; 3,5 вместо −5; 3; Проверяющий исправил 7 на 6 и 3,5 на 3","[computational] Ошибка в арифметике: -2 + 8 = 6, 6/2 = 3, а не 7/2 = 3,5.","x = -5; 3,5",-5; 3
W024,dev,8.1,1,1,correct,False,"Описка x₁ = (7+1)/6 = 8/3 (похоже, должно 8/6), далее 4/3 верно; ответ (4/3; 0), (1; −1); проверяющий поставил +",,(1 1/3; 0) и (1; -1),(1; -1); (4/3; 0)
W024,dev,8.11,0,0,incorrect,False,"Ошибка при нахождении y: 4·1² − y = 2 ⇒ y = 2, у ученика −y = 2·(−4) = −8, y = 8; ответ (1; 8), (−1; 8) вместо (1; 2), (−1; 2); Проверяющий: «почему умножение?», исправил 8 на 2 в ответе; у ученика подписано «11)», система 2x² + y = 4, 4x² − y = 2 (№11)","[conceptual] При подстановке найденного значения x = 1 вместо x подставлено 10 (или ошибочно записано 4 * 1^2 как 4 * 10), далее выполнено неверное преобразование: -y = 2 * (-4). Верно: y = 4 - 2x^2 = 2.",(1; 8); (-1; 8),(-1; 2); (1; 2)
W024,dev,9.1,,0,not_solved,False,Переписано условие и зачёркнуто,,,(2; -3); (2; 3); (31/2; -31/2); (31/2; 31/2)
W025,dev,4.4,0,0,incorrect,False,"Неверное разложение: (x−2)(x+1)² − 4(x+1) = (x+1)((x−2)(x+1) − 4) ⇒ x² − x − 6 = 0, у ученика (2x − 5)(x + 1) = 0; ответ 2,5; −1 вместо −1; −2; 3; Нумерация: задание.номер по листу условия (Задания 4–10). Проверяющий зачеркнул строку и написал «(x+1)((x−2)(x+1)−4) так правильно»","[conceptual] Неверно вынесен общий множитель (x+1). При вынесении должно было получиться (x+1)((x-2)(x+1) - 4) = 0, то есть (x+1)(x^2 - x - 6) = 0, а не сумма/разность оставшихся слагаемых.","x = 2,5; x = -1",-2; -1; 3
W025,dev,5.3,0,0,incorrect,False,"Вычислительная ошибка: x₂ = (2 − 4)/6 = −1/3, у ученика 0,5; ответ 1; 0,5 вместо 1; −1/3; Проверяющий исправил 0,5 на −1/3","[computational] При вычислении корня x = (2 - 4)/6 = -2/6 = -1/3 допущена ошибка (получено 0,5).","x_1 = 1; x_2 = 0,5",-1/3; 1
W025,dev,5.11,1,1,correct,False,Проверяющий поставил +,,"x_1 = 3,25; x_2 = 2","2; 3,25"
W025,dev,8.11,1,1,correct,False,"Ответ записан как x = 1; x = −1; y = 2, а не парами (1; 2), (−1; 2); проверяющий: «+, но надо записывать (−1;2) и (1;2)»; у ученика «№8(11)»",[presentation] Решения системы уравнений принято записывать в виде пар (x; y): (1; 2) и (-1; 2).,x=1; x=-1; y=2,(-1; 2); (1; 2)
W025,dev,9.1,0,0,incorrect,False,"Потерян корень: 3y² = 27 ⇒ y = ±3, у ученика только y = 3; верный ответ (2; 3), (2; −3); Проверяющий исправил 3 на ±3; описка 4 − 31 = 3y² (знак), далее 3y² = 27 верно","[conceptual] Из уравнения 3y^2 = 27 следует y^2 = 9, откуда y = ±3. Потеряно второе значение y = -3, соответственно потеряна пара (2; -3).",y = 3; x = 2,(2; -3); (2; 3)
W035,dev,7.5,1,1,correct,False,"Нумерация: «Задание N, пункт k» → N.k. Проверяющий поставил +",,-3; 2,-3; 2
W035,dev,7.6,1,1,correct,False,Ответ −4; 1; проверяющий поставил +,,-4; 1,-4; 1
W035,dev,7.7,1,1,correct,False,Ответ −4; 2; проверяющий поставил +,,-4; 2,-4; 2
W035,dev,8.8,0,0,incorrect,False,"Ошибка в знаке: из 8x − 10 = y записано y = 10 − 8x; получено 4x² + 3x − 10 = 0, x = −2; 1,25. Верно 4x² − 13x + 10 = 0, x = 2; 1,25; Проверяющий обвёл 8x − 10 = y и 10 − 8x, написал y = 8x − 10 и «?» | Ответ без значений y (записано «−2; 1,25»); верный ответ (2; 6), (1,25; 0)","[computational] Из уравнения 8x - 10 = y следует y = 8x - 10, а не 10 - 8x. | [conceptual] Решением системы уравнений с двумя переменными являются пары чисел (x; y), а не только значения переменной x.","-2; 1,25","(1,25; 0); (2; 6)"
W035,dev,8.12,0,0,incorrect,False,"При x = −1 подставлено −5x вместо −5x²: y = 12 + 5 = 17; верно y = 12 − 5·1 = 7. Ответ (1; 7), (−1; 17) неверен, верно (±1; 7); Проверяющий: «там x² = 1 и всё, то есть y = 7 всегда»","[computational] При x = -1 значение y = 12 - 5*(-1)^2 = 12 - 5 = 7, а не 17 (квадрат отрицательного числа положителен).",(1; 7); (-1; 17),(-1; 7); (1; 7)
W035,dev,9.4,1,1,correct,False,"Первая попытка (markup_2): найден только x = 3, без y; переделано на markup_6 — ответ (3; 4), (3; −4), проверяющий поставил +",,(3; 4); (3; -4),(3; -4); (3; 4)
W035,dev,9.8,0,0,incorrect,True,"Не найдены значения y: в ответе только x = 3; верный ответ (3; 3), (3; −3); Проверяющий поставил + с комментарием «но ещё y надо найти»","[conceptual] Решением системы являются пары чисел (x; y). Значения y не были найдены, решение не завершено.",3,(3; -3); (3; 3)
W035,dev,9.12,1,1,correct,False,"Ответ (3; 7), (4; 5) исключено по ОДЗ; проверяющий поставил +. Вверху markup_6 — ещё одна концовка того же решения с ответом (3; 7)",,(3; 7),(3; 7)
W041,dev,7.5,0,0,incorrect,False,"Вычислительная ошибка: x₂ = 4/2 = 2, у ученика записано другое число (вероятно 4); ответ «−3; 4» вместо −3; 2; Нумерация: «Задание N, пункт k» → N.k. Проверяющий исправил на 2 в x₂ и в ответе. исходная цифра под исправлением неразборчива (4 или 1)","[computational] Корень x_2 = 2 найден верно при вычислении (4/2 = 2), но в ответ ошибочно выписано число 4.",-3; 4,-3; 2
W041,dev,7.6,1,1,correct,False,Ответ −4; 1; проверяющий поставил +,,"-4, 1",-4; 1
W041,dev,7.7,1,1,correct,False,Ответ −4; 2; проверяющий поставил +,,"-4, 2",-4; 2
W041,dev,8.4,0,0,incorrect,False,"Ошибка в формуле корней: взято b вместо −b, x = (−16 ± 6)/10 = −2,2; −1; верно x = (16 ± 6)/10 = 2,2; 1. Ответ (−2,2; −22), (−1; −16) неверен, верно (1; −6), (2,2; 0); Проверяющий обвёл −b в формуле: «у нас же по формуле −b»","[computational] Неверно применены знаки в формуле корней квадратного уравнения 5x^2 - 16x + 11 = 0: должно быть x = (16 ± 6)/10, а не (-16 ± 6)/10. Из-за этого получены неверные значения x и y.","(-2,2; -22) (-1; -16)","(1; -6); (2,2; 0)"
W041,dev,8.8,1,1,correct,False,"Ответ (1,25; 0), (2; 6); проверяющий поставил +. В записи системы 4x² − 5 = y пропущен x (описка)",,"(1,25; 0) (2; 6)","(1,25; 0); (2; 6)"
W041,dev,8.12,0,0,incorrect,False,"Ошибка в знаке: из 9x² − y = 2 выражено y = 2 − 9x², верно y = 9x² − 2; Проверяющий написал y = 9x² − 2 и грустный смайлик | Ошибка переноса: из 12 − 5x² = 2 − 9x² получено −9x² + 5x² = 2 − 12 (x² = 2,5), верно 4x² = −10. Ответ (±√2,5; −0,5) неверен, верно (±1; 7)","[computational] Из второго уравнения 9x^2 - y = 2 следует y = 9x^2 - 2, а не 2 - 9x^2.","(\sqrt{2,5}; -0,5) (-\sqrt{2,5}; -0,5)",(-1; 7); (1; 7)
W041,dev,9.4,1,1,correct,False,"Ответ (3; 4), (3; −4); проверяющий поставил +",,"(3; 4), (3; -4)",(3; -4); (3; 4)
W041,dev,9.8,1,1,correct,False,"Ответ (3; 3), (3; −3); проверяющий поставил +",,(3; 3) (3; -3),(3; -3); (3; 3)
W041,dev,9.12,0,0,incorrect,False,"Ошибка в знаке: y − 5 = 2x + 2y − 18 преобразовано в 2x + y + 13 = 0, верно 2x + y − 13 = 0; дальше при x = 4 из 8 + y + 13 = 0 записано y = 21. Верно: при x = 4 y = 5 (исключено ОДЗ); Проверяющий исправил знак перед 13. ОДЗ x + y ≠ 9 выписано (проверяющий: «Умничка!!!») | Из (y − 7) = 0 подставлено x = 7 вместо y = 7; ответ (4; 21), (7; 27) неверен, верно (3; 7); Проверяющий обвёл y в «Если y = 7». Концовка решения продублирована вверху markup_1","[conceptual] Из уравнения (x-4)(y-7)=0 следует совокупность x=4 или y=7, а не x=7. | [computational] При раскрытии скобок 2(x+y-9) получено 2x+2y-12 вместо 2x+2y-18.",(4; 21); (7; 27),(3; 7)
