work,file,legibility,err_lines,err_flagged,flags,false_flags,student_errors,student_errors_kept,hard_spots,hard_spots_ok,ref_chars,cer,cer_norm,edits,math_edits
W017,solution_1.jpg,medium,6,6,4,1,0,0,4,0,653,0.05666156202143951,0.05240174672489083,,
W017,solution_2.jpg,medium,8,7,4,1,0,0,2,0,618,0.05501618122977346,0.07142857142857142,,
W017,solution_3.jpg,medium,2,2,6,5,0,0,0,0,697,0.015781922525107604,0.022357723577235773,,
W022,solution_1.jpg,medium,4,2,3,1,1,0,1,0,770,0.00909090909090909,0.014989293361884369,,
W022,solution_2.jpg,medium,2,2,6,3,0,0,1,0,675,0.035555555555555556,0.04608294930875576,,
W022,solution_3.jpg,medium,,,,,0,0,0,0,562,0.0,0.0,,
W022,solution_4.jpg,good,1,1,3,1,0,0,1,0,536,0.016791044776119403,0.0326530612244898,,
W024,solution_1.jpg,good,1,1,3,2,0,0,1,0,480,0.016666666666666666,0.017699115044247787,,
W024,solution_10.jpg,medium,3,3,5,3,1,1,2,0,426,0.01643192488262911,0.024096385542168676,,
W024,solution_11.jpg,good,0,0,1,1,0,0,0,0,140,0.0,0.0,,
W024,solution_2.jpg,good,1,1,4,3,0,0,0,0,585,0.008547008547008548,0.015105740181268883,,
W024,solution_3.jpg,good,0,0,6,6,0,0,0,0,677,0.0,0.0,,
W024,solution_4.jpg,medium,5,5,2,1,0,0,2,0,797,0.03889585947302384,0.053268765133171914,,
W024,solution_5.jpg,medium,1,1,6,5,0,0,0,0,803,0.0037359900373599006,0.006329113924050633,,
W024,solution_6.jpg,good,2,0,2,2,0,0,2,0,624,0.009615384615384616,0.011494252873563218,,
W024,solution_7.jpg,medium,7,3,5,2,0,0,0,0,433,0.14087759815242495,0.1386861313868613,,
W024,solution_8.jpg,medium,2,1,2,1,0,0,0,0,148,0.05405405405405406,0.07142857142857142,,
W024,solution_9.jpg,good,0,0,1,1,0,0,0,0,149,0.0,0.0,,
W025,solution_1.jpg,good,2,2,3,1,0,0,0,0,297,0.05387205387205387,0.011627906976744186,,
W025,solution_2.jpg,good,0,0,2,2,0,0,0,0,321,0.012461059190031152,0.0,,
W025,solution_3.jpg,medium,2,1,3,2,0,0,0,0,244,0.040983606557377046,0.06134969325153374,,
W025,solution_4.jpg,good,1,1,1,0,0,0,0,0,209,0.023923444976076555,0.03875968992248062,,
W035,solution_1.jpg,good,0,0,4,4,0,0,0,0,401,0.0,0.0,,
W035,solution_2.jpg,good,1,1,3,2,0,0,0,0,467,0.014989293361884369,0.02005730659025788,,
W035,solution_3.jpg,good,0,0,0,0,0,0,0,0,194,0.0,0.0,,
W035,solution_4.jpg,good,0,0,3,3,1,1,0,0,314,0.0,0.0,,
W035,solution_5.jpg,good,1,1,4,3,0,0,1,0,387,0.0103359173126615,0.016666666666666666,,
W035,solution_6.jpg,good,1,1,4,3,0,0,0,0,276,0.018115942028985508,0.005747126436781609,,
W041,solution_1.jpg,good,1,1,4,3,1,0,1,0,354,0.002824858757062147,0.00425531914893617,,
W041,solution_2.jpg,good,1,1,4,3,0,0,0,0,442,0.011312217194570135,0.015527950310559006,,
W041,solution_3.jpg,good,3,3,4,2,0,0,3,0,709,0.012693935119887164,0.005940594059405941,,
W041,solution_4.jpg,good,3,2,2,1,0,0,1,0,518,0.023166023166023165,0.019753086419753086,,
W041,solution_5.jpg,medium,,,,,0,0,2,0,692,0.044797687861271675,0.06149732620320856,,
W041,solution_6.jpg,good,0,0,2,2,0,0,0,0,319,0.0,0.0,,
W053,solution_1.jpg,medium,,,,,0,0,5,1,451,0.10643015521064302,0.06324110671936758,,
W053,solution_2.jpg,good,,,,,0,0,1,0,363,0.027548209366391185,0.04081632653061224,,
W053,solution_3.jpg,good,,,,,0,0,0,0,224,0.0,0.0,,
W053,solution_4.jpg,good,,,,,0,0,0,0,565,0.03008849557522124,0.0425,,
W053,solution_5.jpg,good,,,,,0,0,4,0,609,0.15763546798029557,0.18181818181818182,,
W053,solution_6.jpg,good,,,,,0,0,0,0,133,0.0,0.0,,
