A (эталон),B,работ,задач,совпадение A,совпадение B,прав только A,прав только B,p (Мак-Немар),ДИ разницы B−A
google_gemini-3.8-flash@low_key,deepseek_deepseek-v4.1-flash@high_img,51,883,94.1%,88.7%,64,16,0.00,[-9.1; -2.1] п.п.
google_gemini-3.8-flash@low_key,google_gemini-3.8-flash@dbl,6,46,97.8%,97.8%,0,0,1.00,[+0.0; +0.0] п.п.
google_gemini-3.8-flash@low_key,google_gemini-3.8-flash@det,17,117,86.3%,0.0%,101,0,0.00,[-93.7; -75.0] п.п.
google_gemini-3.8-flash@low_key,google_gemini-3.8-flash@det5,28,220,82.7%,0.0%,182,0,0.00,[-90.0; -73.9] п.п.
google_gemini-3.8-flash@low_key,google_gemini-3.8-flash@det5_pol,28,220,82.7%,91.4%,3,22,0.00,[+4.3; +14.5] п.п.
google_gemini-3.8-flash@low_key,google_gemini-3.8-flash@det_pol,17,117,86.3%,92.3%,3,10,0.09,[-1.9; +18.1] п.п.
google_gemini-3.8-flash@low_key,google_gemini-3.8-flash@det_pol_doubt,17,117,86.3%,91.5%,4,10,0.18,[-3.2; +17.1] п.п.
google_gemini-3.8-flash@low_key,google_gemini-3.8-flash@final_cur,106,1699,91.3%,92.1%,3,16,0.00,[+0.1; +1.7] п.п.
google_gemini-3.8-flash@low_key,google_gemini-3.8-flash@final_curpol,106,1699,91.3%,94.0%,20,66,0.00,[+1.3; +4.5] п.п.
google_gemini-3.8-flash@low_key,google_gemini-3.8-flash@high,8,79,96.2%,92.4%,4,1,0.38,[-10.0; +1.3] п.п.
google_gemini-3.8-flash@low_key,google_gemini-3.8-flash@low,51,883,94.1%,85.3%,84,6,0.00,[-13.4; -4.4] п.п.
google_gemini-3.8-flash@low_key,google_gemini-3.8-flash@low_key_k2,28,220,82.7%,88.6%,3,16,0.00,[+1.2; +12.4] п.п.
google_gemini-3.8-flash@low_key,google_gemini-3.8-flash@low_key_k2_tag,28,220,82.7%,90.5%,5,22,0.00,[+2.6; +14.1] п.п.
google_gemini-3.8-flash@low_key,google_gemini-3.8-flash@low_key_tag,106,1699,91.3%,91.3%,0,0,1.00,[+0.0; +0.0] п.п.
google_gemini-3.8-flash@low_key,google_gemini-3.8-flash@low_key_v2,10,130,94.6%,93.8%,3,2,1.00,[-4.7; +1.8] п.п.
google_gemini-3.8-flash@low_key,google_gemini-3.8-flash@low_key_v3,51,883,94.1%,93.2%,16,8,0.15,[-3.1; +0.8] п.п.
google_gemini-3.8-flash@low_key,google_gemini-3.8-flash@medium,10,130,94.6%,89.2%,8,1,0.04,[-9.9; +0.0] п.п.
google_gemini-3.8-flash@low_key,google_gemini-3.8-flash@minimal,10,130,94.6%,87.7%,9,0,0.00,[-11.6; +0.0] п.п.
