task,mode,label,v1,policy,tags
W002|7,training,1,0,1,5.7
W004|7,training,1,0,1,2.4
W005|В2-3.1,training,1,0,1,12.1
W005|В2-3.2,training,1,0,1,1.11
W005|В2-4,training,1,0,1,3.6
W007|5.4,training,1,0,1,8.4
W009|Б2-9,training,1,1,0,3.4?
W011|3.5,training,1,1,0,8.2
W011|12.1,training,1,1,0,8.8
W011|16.1,training,0,0,1,2.9
W013|1а,exam,0,1,0,other
W013|4а,exam,1,1,0,other
W015|5б,exam,1,1,0,other
W023|В3-1,training,1,0,1,8.3
W028|112,training,0,0,1,12.4
W028|127,training,1,0,1,3.1 1.3
W031|Б1-16,training,1,0,1,1.1
W032|Б2-4,training,1,1,0,5.1
W032|Б2-8,training,1,1,0,8.8
W038|577,training,1,0,1,8.5 8.5
W038|579,training,1,0,1,8.5 3.1
W038|580,training,1,0,1,8.5
W044|15-Б2-8,training,1,0,1,8.6
W044|15-Б2-21,training,1,0,1,1.1
W044|17-Б2-3,training,1,0,1,1.1
W044|17-Б2-4,training,1,0,1,1.1
W046|52,training,1,0,1,1.1
W046|57,training,1,0,1,1.1
W048|1,training,1,0,1,3.6
W051|103,training,0,1,0,8.8
W056|Б1-16,training,0,1,0,5.3
W058|3,exam,0,1,0,6.3
W059|Б1-18,training,1,1,0,5.3
W062|Б1-15,training,1,1,0,1.4?
W074|75,training,1,0,1,1.1
W074|80,training,1,0,1,1.1
W074|82,training,1,0,1,1.1
W074|101,training,1,0,1,2.2
W075|85,training,0,1,0,1.6
W077|Б2-10,training,1,0,1,1.1
W078|Б2-8,training,1,0,1,1.1
W087|3,exam,1,0,1,2.4
W091|4,exam,0,1,0,10.3
W092|4,training,1,0,1,1.1
W092|19,training,1,0,1,8.3
W095|4,exam,1,0,1,11.3
W112|2ж,exam,0,1,0,5.1
W117|3а,exam,0,0,1,9.4
