group,work,task_no,read_before,reread,alternatives,confidence,key,match,alt_match
A,W024,6.2,-\sqrt{2}+2; \sqrt{2}+2,Ответ: -\sqrt{2}+2; \sqrt{2}+2,Ответ: -\sqrt{3}+2; \sqrt{3}+2; -\sqrt{2}+2; \sqrt{2}+2; -\sqrt{3}+2; \sqrt{3}+2,high,2-√3; 2+√3,0,1
A,W028,127,23,260/(x-3) - 260/x = 6,260/(x-3) - 260/x = 6|:?; 260/(x-3) - 260/x = 6|:6,medium,13,0,0
A,W033,3,[\frac{1}{\sqrt[5]{5}}; 25],Ответ: x ∈ [1/∛[5]{5}; 25],Ответ: [1/∛[5]{5}; 25]; Ответ: x∈[1/∛[5]{5}; 25]; Ответ: x ∈ [1/(5√5); 25],high,[1/⁵√5; 25],0,0
A,W038,577,"2 см, 11 см",,,,25/13; 144/13,,0
A,W038,579,3 м,Ответ: 3 м,3 м; Ответ: 3 м.; Ответ: 3м; 3м,high,"3,15",0,0
A,W038,580,7 м,,,,"6,936",,0
A,W039,Б1-3.1,"0,25","0,25","= 0,25; 25/100 = 0,25",high,4,0,0
A,W039,Б1-5.5,1,1,12,high,12,0,1
A,W039,Б1-12.5,225,"2,25",225; 2.25,high,"2,5",0,0
A,W039,Б2-4.2,25,15,25,high,15,1,0
A,W039,Б2-11.2,"2,25","2,25",,high,"1,5",0,0
A,W039,Б2-11.5,"0,36",,,,"0,6",,0
A,W040,Б1-1.6,3,3,6 - 3,high,9,0,0
A,W040,Б1-2.4,6,6,4 - 6,high,8,0,0
A,W040,Б1-6.1,30,30,1 - 30,high,20,0,0
A,W040,Б1-7.4,28,28,4 - 28,high,18,0,0
A,W040,Б1-11.2,24,6,20; 24,high,6,1,0
A,W040,Б2-1.6,7,7,7.,high,1,0,0
A,W040,Б2-4.5,11,11,5 - 11,high,19,0,0
A,W040,Б2-4.7,4,4,,high,11,0,0
A,W040,Б2-4.8,8,8,,high,9,0,0
A,W040,Б2-5.2,7,7,2 - 7; 17,high,17,0,1
A,W040,Б2-5.3,"37,5","37,5","37.5; 32,5",high,"32,5",0,1
A,W044,15-Б1-10,3231,231,462; 3231,medium,231,1,0
A,W044,15-Б2-6,731,731,751,high,131,0,0
A,W044,17-Б2-3,75,75,180 - 105 = 75,high,105,0,0
A,W044,17-Б2-4,115,115,180-65 = 115; 180 - 65 = 115,high,65,0,0
A,W045,15-Б2-8,46,46,"180 - 95,5 - 38,5 = 46",high,116,0,0
A,W045,18-Б1-2,20,10,20; ∞; 00,medium,10,1,0
A,W045,18-Б2-6,"62,5","62,5",62.5,high,"67,5",0,0
A,W046,50,"0,7","Ответ: 0,7","0,7; Ответ: 0,2; Ответ: 0,1",high,"0,3",0,0
A,W047,11,"А: 1, Б: 3, В: 2",132,1 3 2,high,132,1,1
A,W049,15,111,111,1 1 1,high,114,0,0
A,W050,4,15450,15450,15 450; 175450; 154 50,medium,15750,0,0
A,W050,8,"0,2","Ответ: 0,02","Ответ: 0,2; 0,02; 0,2",high,"0,02",1,1
A,W052,73,178,118,∠ABC = 78 + 40 = 118; ∠ABC=78+40=118; ∠ABC = 118,high,118,1,1
A,W060,8,"0,01","0,02","0,01",high,"0,02",1,0
A,W062,Б1-15,30 км/ч (на стр. 2 найдено 80),80,160/2 = 80; 160/2=80,high,80,1,1
A,W063,Б1-97,84%,"y = 1,22 - x","y = 1,22-x; x + y = 1,22; 1,22 - x",medium,87,0,0
A,W067,В1-6,"0,16","cos²=0,16","0,16; cos² = 0,16; cos^2 = 0,16",high,"0,4",0,0
A,W067,В2-6,"0,01","0,01","cos² = 1 - 0,99 = 0,01; 0,1; cos² = 0,01",high,"0,1",0,1
A,W074,101,196,14,196; = 14; = 196,medium,14,1,1
A,W077,Б2-1.1,3,3,1) 3; 1) 3; 2) 9,high,13,0,0
A,W077,Б2-1.2,3,9,"6,2",high,9,1,0
A,W077,Б2-2,"6,12","6,2",6.2; 9,high,"6,2",1,1
A,W087,3,"S > 7,9 млн.","Ответ: S > 7,9 млн.","Ответ: S > 7,9 млн; S > 7,9 млн.",high,8,0,0
A,W092,19,"0,138","0,138","≈ 0,138; ≈0,138",high,0.139,0,0
A,W093,4,3569000 (3569 тыс руб),Ответ: 3569000,Ответ: 3 569 000; 3569000; 3 569 000; Ответ: - 3569000; Тогда Sмин = 3569 тыс. руб,high,3569000,1,1
A,W095,2,\sqrt{11} [?\pm|+] \sqrt{11},√26,√26; 5√11; √5 = 11; √(5²+1²); 11,medium,11,0,1
A,W095,4,25,,,,0.25,,0
A,W099,97,x ∈ (-∞; -27] ∪ [-80/11; 0],Ответ: x ∈ (-∞; -27] ∪ [-80/11; 0],Ответ: x ∈ (-∞; -27] ∪ [- 80/11; 0]; Ответ: x ∈ (-∞; -27] ∪ [-\frac{80}{11}; 0],high,(-∞; -27] ∪ (-80/11; 0],0,0
A,W099,105,x ∈ (5/3; 7/4] ∪ [2; +∞),Ответ: x \in (\frac{5}{3}; \frac{7}{4}] \cup [2; +\infty),x \in (\frac{5}{3}; \frac{7}{4}] \cup [2; +\infty); Ответ: x \in (5/3; 7/4] \cup [2; +\infty); Ответ: x \in (5/3; 7/4] U [2; +∞),high,(5/3; 7/4] ∪ (2; +∞),0,0
A,W099,112,x ∈ ((-3-√29)/2; -4] ∪ [0; 1],Ответ: x ∈ (-3-√29/2; -4] ∪ {1} ∪ {0},Ответ: x ∈ [(-3-√29)/2; -4] ∪ {1} ∪ {0}; Ответ: x ∈ ((-3-√29)/2; -4] ∪ {1} ∪ {0}; x ∈ ((-3-√29)/2; -4] ∪ {1} ∪ {0}; Ответ: x ∈ (-3-√29/2; -4] ∪ {1} ∪ {0},medium,((-3-√29)/2; -4] ∪ {0; 1},0,1
A,W099,15,"x ∈ [-∞; -1] ∪ [1; 1,5) ∪ (1,5; +∞)","Ответ: x ∈ (-∞; -1] ∪ [1; 1,5) ∪ (1,5; +∞)","x ∈ (-∞; -1] ∪ [1; 1,5) ∪ (1,5; +∞); Ответ: x ∈ (-∞; -1] ∪ [1; 1.5) ∪ (1.5; +∞); (-∞; -1] ∪ [1; 1,5) ∪ (1,5; +∞)",,(-∞; -1] ∪ [1; 1.5) ∪ (1.5; +∞),1,1
A,W110,1б,"300 000 p за 2 года, 450 000 p за 3 года","300 000 р за 2 года, 450 000 р за 3 года","300 000р за 2 года, 450 000р за 3 года; 300 000р за 2 года; 450 000р за 3 года; б) 300 000 р за 2 года, 450 000 р за 3 года",high,300000; 450000,0,0
A,W111,1б,1) 300000; 2) 450000,1) 300000; 2) 450000,1) 300000 ; 2) 450000; 1) 300000; 2) 550000; 1) 300000; 2) 750000,medium,300000; 450000,0,0
A,W111,1в,1) 322500; 2) 520875,1) 3 22500 2) 520 875,1) 322500 2) 520875; 1) 3 22500; 2) 520 875; 1) 322500; 2) 520875,high,322500; 520875,0,0
A,W111,2д,252000,282000,282 000,high,242000,0,0
A,W112,1б,300 000 за 2 года; 450 000,150 000 · 3 = 450 000,450 000; 3) 150 000 · 3 = 450 000,high,300000; 450000,0,0
A,W115,31,100 млн,"S = 132,5 / 1,325 = 100 млн",100 млн; S = 100 млн; 100,high,100000000,0,0
A,W116,11,-6,x=-36,x = -36; -36; x=-35; x = -35,high,10,0,0
B,W092,15,"0,35","0,35","0,30; 0,3s",high,0.3,0,1
B,W104,1.3,1.5,Ответ: 16,16; Ответ: 11; Ответ: 15,medium,16,1,1
B,W117,2б,48\sqrt{10},48√10,S SABC = 1/3 · 24√10 · 6 = 48√10; 48 √10,high,96,0,0
B,W077,Б2-16,155,155,"15,5; 156",high,167,0,0
B,W058,2,x \in (0; 1/81) \cup (1; +\infty),Ответ: x ∈ (0; 1/81) ∪ (1; +∞),Ответ: x ∈ (0; 1/81) U (1; +∞); x ∈ (0; 1/81) ∪ (1; +∞),high,(1/81; 1),0,0
B,W009,Б2-34,3,3,(3),high,1,0,0
B,W109,2,25%,,,,6,,0
B,W024,8.11,(1; 8); (-1; 8),Ответ: (1; 8); (-1; 8),Ответ: (1;8); (-1;8); (1; 8); (-1; 8),high,(-1; 2); (1; 2),0,0
B,W044,15-Б1-22,36,ответ 36,36; Ответ 36,high,28,0,0
B,W011,17.3,-53,Отв -53,-53; Отв: -53,,1,0,0
B,W053,В2-1г,"x \in (-\infty; +1,25)",,,,(-∞; -20),,0
B,W009,Б2-25,34,34,√1156 = 34,high,-18,0,0
B,W042,8.4,"(2; -1); (4,4; 11)",x = (16±6)/5,x = 16±6/5; x = (16 ± 6) / 5,high,"(1; -6); (2,2; 0)",0,0
B,W086,2,"7, 5, 4","7, 5, 4","7,5,4",high,8; 2; 3,0,0
B,W020,3,x ∈ (-∞; -2) ∪ (0; 1],Ответ: x ∈ (-∞; -2) ∪ (0; 1),Ответ: x ∈ (-∞; -2) ∪ (0; 1]; Ответ: x ∈ (-∞; -2) ∪ [0; 1]; Ответ: x ∈ (-∞; -2) ∪ [0; 1),high,(-∞; -3) ∪ [0; 1],0,0
B,W036,23,9,,,,36,,0
B,W040,Б1-11.1,18,"4,5","18; 18, 4,5",medium,4,0,0
B,W077,Б2-9,986,386,786; 986,high,-486,0,0
B,W052,12,71,71,= 71,high,19,0,0
B,W053,В2-4,x \in (-\infty; 16),,,,(-∞; -4),,0
B,W003,6б,-23\pi/6; -14\pi/3; -7\pi/3,б) -23π/6; -14π/3; -7π/3,-23π/6; -14π/3; -7π/3; б) -23π/6 ; -14π/3 ; -7π/3,high,-14π/3; -13π/3; -23π/6,0,0
B,W024,5.5,-2; 5,Ответ: -2; 5,Ответ: -2;5; Ответ:-2; 5; -2; 5,high,"-0,2; 0,5",0,0
B,W043,4,104,104,= 104; 94; = 94,high,94,0,1
B,W009,Б2-31,-13/20,- 13/20,-13/20,high,"-0,6",0,0
B,W087,2,"5,6%",,,,6,,0
B,W054,В1-3б,x \in (-\infty; 4),Ответ: x ∈ (-∞; 4),Ответ: x ∈ (-∞; 4]; Ответ: y ∈ (-∞; 4); y ≤ 4; y < 4,high,(-∞; -4],0,0
B,W036,26,19^\circ,,,,26,,0
B,W074,53,"1,75",,,,"9,5",,0
B,W011,8.3,-205,,,,-85,,0
B,W047,9,"6,2","6,2","-6,2",high,"-6,2",0,1
B,W044,15-Б1-17,"0,9","0,9",0.9,high,"0,6",0,0
