модель,часть,работ,задач с разметкой,ошибок в разметке,найдено ошибок (recall),ложные тревоги (от верных),точность тревог (precision),совпадение вердиктов,без вердикта (считается несовпадением),пропуски проверяющего пойманы,потрачено ₽ (всего)
deepseek_deepseek-v4.1-flash,dev,1,6,2,50%,25%,50%,67%,0%,0 из 0,6.3
deepseek_deepseek-v4.1-flash@high_img,dev,51,883,219,84%  [78–90],10%  [6–15],74%  [63–84],89%  [85–92],0%,21 из 29,61.3
google_gemini-3.8-flash,dev,3,15,5,80%  [50–100],0%  [0–0],100%  [100–100],93%  [83–100],0%,0 из 0,265.8
google_gemini-3.8-flash@dbl,dev,6,46,19,100%  [100–100],4%  [0–8],95%  [89–100],98%  [95–100],0%,2 из 2,65.1
google_gemini-3.8-flash@det,dev,17,117,38,0%  [0–0],0%  [0–0],—,0%  [0–0],100%,0 из 3,19.2
google_gemini-3.8-flash@det5,dev,28,220,58,0%  [0–0],0%  [0–0],—,0%  [0–0],100%,0 из 5,32.8
google_gemini-3.8-flash@det5_pol,dev,28,220,58,98%  [95–100],11%  [4–20],76%  [62–91],91%  [85–97],0%,5 из 5,0.0
google_gemini-3.8-flash@det_pol,dev,17,117,38,100%  [100–100],11%  [3–20],81%  [64–95],92%  [86–98],0%,3 из 3,0.0
google_gemini-3.8-flash@det_pol_doubt,dev,17,117,38,100%  [100–100],13%  [5–22],79%  [62–92],91%  [85–97],0%,3 из 3,0.0
google_gemini-3.8-flash@final_cur,dev,106,1699,374,95%  [92–97],9%  [7–11],75%  [70–81],92%  [90–94],0%,40 из 44,397.3
google_gemini-3.8-flash@final_curpol,dev,106,1699,374,94%  [91–97],6%  [4–8],81%  [76–87],94%  [92–96],0%,38 из 44,397.3
google_gemini-3.8-flash@high,dev,8,79,30,90%  [78–97],6%  [0–13],90%  [79–100],92%  [86–98],0%,3 из 4,42.7
google_gemini-3.8-flash@low,dev,51,883,219,86%  [78–91],14%  [9–20],67%  [56–78],85%  [80–90],1%,22 из 29,74.3
google_gemini-3.8-flash@low_key,dev,106,1699,374,94%  [90–96],9%  [7–11],75%  [70–81],91%  [89–93],1%,39 из 44,463.8
google_gemini-3.8-flash@low_key,test,11,139,23,78%  [39–100],18%  [4–49],46%  [18–83],60%  [25–93],24%,0 из 0,463.8
google_gemini-3.8-flash@low_key_k2,dev,28,220,58,90%  [82–96],12%  [5–20],73%  [58–88],89%  [82–94],0%,5 из 5,28.6
google_gemini-3.8-flash@low_key_k2_tag,dev,28,220,58,90%  [81–98],9%  [2–18],78%  [61–94],90%  [83–96],0%,4 из 5,24.9
google_gemini-3.8-flash@low_key_tag,dev,106,1699,374,94%  [90–96],9%  [7–11],75%  [70–81],91%  [89–93],1%,39 из 44,4.9
google_gemini-3.8-flash@low_key_tag,test,11,139,23,78%  [39–100],19%  [5–53],45%  [18–81],60%  [24–92],24%,0 из 0,4.9
google_gemini-3.8-flash@low_key_v2,dev,10,130,47,96%  [90–100],7%  [0–12],88%  [79–100],94%  [90–98],0%,4 из 4,12.4
google_gemini-3.8-flash@low_key_v3,dev,51,883,219,93%  [88–97],7%  [4–10],82%  [76–88],93%  [90–95],0%,23 из 29,79.9
google_gemini-3.8-flash@medium,dev,10,130,47,96%  [90–100],14%  [0–23],79%  [67–100],89%  [84–98],0%,3 из 4,41.0
google_gemini-3.8-flash@minimal,dev,10,130,47,94%  [87–100],16%  [4–22],77%  [66–95],88%  [81–98],0%,4 из 4,12.2
