work,task_no,label,v1,offline,tagger_keep,tagger_remark,tags_gemini,tags_offline
W087,2,0,0,0,1,1,10.8,8.1
W093,1,0,1,1,1,1,,
W095,2,1,0,0,0,0,G.calc,8.1
W097,1.2,1,0,0,0,0,3.4 8.7,3.3 8.7
W099,1,1,0,0,0,0,3.4 G.method,3.3 8.8
W099,105,1,0,0,0,0,7.1,6.2
W099,112,1,0,0,0,0,G.calc,G.method
W099,97,1,0,0,0,0,3.1 7.1,3.1 7.1
W104,1.1,1,0,0,0,0,G.method 8.8,G.method 8.8
W104,1.2,1,0,0,0,0,3.4 G.calc 3.4,3.3 8.2 8.8
W104,1.4,1,0,0,0,0,G.calc 5.1,8.2 5.7
W104,1.5,0,1,1,1,1,,
W104,1.6,1,0,0,0,0,3.4 G.calc,3.3 8.2
W104,1.8,1,0,0,0,0,3.4 G.calc 8.8,3.3 8.2 8.8
W111,2д,1,0,0,0,0,8.1,8.1
W111,2ж,1,0,0,0,0,G.method,1.2
W111,2з,1,0,0,0,0,,
W116,11,1,0,0,0,0,G.answer,G.answer
W117,1а,0,1,1,1,1,9.4,9.4
W117,3а,0,0,1,1,1,9.4,9.4
W118,2,0,1,1,1,1,,
