task_no,question,function,segment,answer,argmax_or_argmin
1.1,точка максимума,x**3 - 27*x + 14,,-3,
1.2,точка максимума,x**3 - 75*x + 10,,-5,
1.3,точка максимума,x**3 - 108*x + 23,,-6,
1.4,точка максимума,x**3 - 300*x + 5,,-10,
1.5,точка максимума,x**3 + 9*x**2 + 7,,-6,
1.6,точка максимума,x**3 + 6*x**2 + 11,,-4,
1.7,точка максимума,x**3 - 24*x**2 + 13,,0,
1.8,точка максимума,x**3 - 12*x**2 + 9,,0,
1.9,точка максимума,x**3 + 12*x**2 + 36*x + 20,,-6,
1.10,точка максимума,x**3 + 4*x**2 + 4*x + 17,,-2,
1.11,точка максимума,x**3 + 16*x**2 + 64*x + 12,,-8,
1.12,точка максимума,x**3 + 10*x**2 + 25*x + 16,,-5,
2.1,точка минимума,x**3 - 300*x + 11,,10,
2.2,точка минимума,x**3 - 48*x + 5,,4,
2.3,точка минимума,x**3 - 6*x**2 + 9*x + 5,,3,
2.4,точка минимума,x**3 - 12*x**2 + 36*x,,6,
2.5,точка минимума,x**3 - 14*x**2 + 49*x + 3,,7,
2.6,точка минимума,x**3 - 18*x**2 + 81*x + 17,,9,
3.1,наибольшее значение,3*x**5 - 5*x**3 + 1,[-7; 0],3,-1
3.2,наибольшее значение,x**5 - 5*x**3 - 20*x,[-10; -1],48,-2
3.3,наибольшее значение,x**5 + 20*x**3 - 65*x,[-4; 0],44,-1
3.4,наибольшее значение,-x**3 + 243*x - 7,[-9; 9],1451,9
3.5,наибольшее значение,-x**3 + 75*x - 7,[-5; 5],243,5
3.6,наибольшее значение,x**3 + 2*x**2 + x - 7,[-3; -1/2],-7,-1
3.7,наибольшее значение,x**3 - 6*x**2 + 9*x + 5,[0; 3],9,1
3.8,наибольшее значение,x**3 - 9*x**2 + 24*x - 7,[-1; 3],13,2
4.1,наименьшее значение,-x**3 + 12*x**2 + 3,[-5; 6],3,0
4.2,наименьшее значение,-x**3 + 18*x**2 + 19,[-7; 10],19,0
4.3,наименьшее значение,-x**3 + 9*x**2 + 11,[-4; 4],11,0
4.4,наименьшее значение,-x**3 + 21*x**2 + 5,[-5; 9],5,0
4.5,наименьшее значение,-x**3 + 48*x + 11,[-4; 4],-117,-4
4.6,наименьшее значение,-x**3 + 192*x + 19,[-8; 8],-1005,-8
4.7,наименьшее значение,x**3 + 6*x**2 + 9*x + 21,[-3; 0],17,-1
4.8,наименьшее значение,x**3 - x**2 - 8*x + 4,[1; 7],-8,2
5.1,точка минимума,x**(3/2) - 18*x + 29,,144,
5.2,точка минимума,x**(3/2) - 21*x + 11,,196,
6.1,точка максимума,-x**(3/2) + 9*x + 4,,36,
6.2,точка максимума,-2*x**(3/2) + 27*x + 17,,81,
7.1,наибольшее значение,-x**(3/2) + 6*x + 5,[14; 23],37,16
7.2,наибольшее значение,-4*x**(3/2) + 12*x + 6,[2; 11],22,4
7.3,наибольшее значение,-4*x**(3/2) + 6*x + 11,[0; 21],13,1
7.4,наибольшее значение,-2*x**(3/2) + 6*x + 7,[1; 10],15,4
8.1,наименьшее значение,x**(3/2) - 6*x + 3,[0; 40],-29,16
8.2,наименьшее значение,2*x**(3/2)/3 - 6*x - 5,[9; 36],-77,36
8.3,наименьшее значение,x**(3/2) - 9*x + 23,[1; 49],-85,36
8.4,наименьшее значение,2*x**(3/2)/3 - 3*x + 1,[1; 9],-8,9
9.1,точка максимума,(x - 4)**2*(x + 5) + 8,,-2,
9.2,точка максимума,(x - 6)**2*(x - 3) + 5,,4,
9.3,точка максимума,(x + 7)*(x + 8)**2 - 10,,-8,
9.4,точка максимума,(x - 9)*(x + 8)**2 - 7,,-8,
10.1,точка минимума,(x - 1)**2*(x + 4) + 10,,1,
10.2,точка минимума,(x + 1)*(x + 7)**2 - 6,,-3,
10.3,точка минимума,(x - 10)**2*(x - 4) + 2,,10,
10.4,точка минимума,(x - 2)*(x + 13)**2 - 9,,-3,
11.1,точка максимума,(x + 3)*exp(3 - x),,-2,
11.2,точка максимума,(x + 2)*exp(2 - x),,-1,
11.3,точка максимума,(4 - x)*exp(x + 4),,3,
11.4,точка максимума,(9 - x)*exp(x + 9),,8,
12.1,точка минимума,(x + 5)*exp(x - 5),,-6,
12.2,точка минимума,(x + 16)*exp(x - 16),,-17,
12.3,точка минимума,(7 - x)*exp(7 - x),,8,
12.4,точка минимума,(3 - x)*exp(3 - x),,4,
13.1,точка максимума,(x + 5)**2*exp(2 - x),,-3,
13.2,точка максимума,(x + 8)**2*exp(3 - x),,-6,
13.3,точка максимума,(x - 11)**2*exp(x - 7),,9,
13.4,точка максимума,(x - 7)**2*exp(x - 8),,5,
14.1,точка минимума,(x**2 - 11*x + 11)*exp(x + 13),,9,
14.2,точка минимума,(x**2 - 9*x + 9)*exp(x + 27),,7,
14.3,точка минимума,(x**2 - 6*x + 6)*exp(x - 9),,4,
14.4,точка минимума,(x**2 - 10*x + 10)*exp(x - 21),,8,
15.1,наибольшее значение,(x + 9)*(x + 10)**2 + 1,[-12; -19/2],1,-10
15.2,наибольшее значение,(x + 4)*(x + 5)**2 + 7,[-6; -9/2],7,-5
15.3,наибольшее значение,(x - 5)*(x + 9)**2 + 8,[-14; -8],8,-9
15.4,наибольшее значение,(x - 4)*(x + 6)**2 + 3,[-11; -1],3,-6
15.5,наибольшее значение,(x - 9)*(x - 8)**2 - 10,[2; 17/2],-10,8
15.6,наибольшее значение,(x - 10)*(x - 1)**2 - 1,[-1; 6],-1,1
16.1,наименьшее значение,(x + 3)**2*(x + 7) + 10,[-5; 6],10,-3
16.2,наименьшее значение,(x + 5)**2*(x + 6) - 8,[-11/2; 1],-8,-5
16.3,наименьшее значение,(x - 1)**2*(x + 3) + 4,[0; 8],4,1
16.4,наименьшее значение,(x - 10)**2*(x + 10) - 7,[8; 18],-7,10
16.5,наименьшее значение,(x - 8)**2*(x - 2) - 3,[5; 17],-3,8
16.6,наименьшее значение,(x - 10)**2*(x - 7) - 4,[9; 14],-4,10
17.1,наибольшее значение,(x**2 - 3*x + 3)*exp(3 - x),[2; 5],3,3
17.2,наибольшее значение,(x**2 - 12*x + 12)*exp(12 - x),[8; 13],12,12
17.3,наибольшее значение,(x - 27)*exp(28 - x),[23; 40],1,28
17.4,наибольшее значение,(2*x - 6)*exp(13 - 4*x),[2; 14],1/2,13/4
18.1,наименьшее значение,(3*x**2 + 21*x - 21)*exp(x),[-5; 3],-21,0
18.2,наименьшее значение,(2*x**2 + 16*x - 16)*exp(x),[-2; 5],-16,0
18.3,наименьшее значение,(3*x**2 - 36*x + 36)*exp(x - 10),[8; 11],-24,10
18.4,наименьшее значение,(2*x**2 - 28*x + 28)*exp(x - 12),[9; 15],-20,12
19.1,наименьшее значение,(x**2 - 39*x + 39)*exp(2 - x),[0; 6],-35,2
19.2,наименьшее значение,(x**2 - 8*x + 8)*exp(2 - x),[1; 7],-4,2
19.3,наименьшее значение,(x - 4)*exp(2*x - 7),[2; 11],-1/2,7/2
19.4,наименьшее значение,(2*x + 15)*exp(2*x + 16),[-9; -2],-1,-8
20.1,точка максимума,(-x**2 - 1)/x,,1,
20.2,точка максимума,-x/(x**2 + 169),,-13,
20.3,точка максимума,(-x**2 - 25)/x,,5,
20.4,точка максимума,-x/(x**2 + 225),,-15,
20.5,точка максимума,(-x**2 - 36)/x,,6,
20.6,точка максимума,-x/(x**2 + 441),,-21,
21.1,точка минимума,(-x**2 - 196)/x,,-14,
21.2,точка минимума,-x/(x**2 + 289),,17,
21.3,точка минимума,(-x**2 - 16)/x,,-4,
21.4,точка минимума,-x/(x**2 + 256),,16,
21.5,точка минимума,(-x**2 - 361)/x,,-19,
21.6,точка минимума,-x/(x**2 + 324),,18,
22.1,наибольшее значение,(x**2 + 9)/x,[-11; -1],-6,-3
22.2,наибольшее значение,(x**2 + 121)/x,[-20; -1],-22,-11
22.3,наибольшее значение,(x**2 + 25)/x,[-12; -1],-10,-5
22.4,наибольшее значение,(x**2 + 16)/x,[-10; -1],-8,-4
23.1,наименьшее значение,(x**2 + 36)/x,[1; 17],12,6
23.2,наименьшее значение,(x**2 + 484)/x,[2; 33],44,22
23.3,наименьшее значение,(x**2 + 81)/x,[4; 20],18,9
23.4,наименьшее значение,(x**2 + 9)/x,[1; 11],6,3
23.5,наименьшее значение,(x**2 + 49)/x,[1; 19],14,7
23.6,наименьшее значение,(x**2 + 441)/x,[2; 32],42,21
