work_id,mode,reason
W001,training,тренажёр Ширяевой / школьная программа / ОГЭ ч.1 / учебник
W002,training,тренажёр Ширяевой / школьная программа / ОГЭ ч.1 / учебник
W003,exam,"лист репетитора «Задание N а) б)», ЕГЭ №13"
W004,training,тренажёр Ширяевой / школьная программа / ОГЭ ч.1 / учебник
W005,training,тренажёр Ширяевой / школьная программа / ОГЭ ч.1 / учебник
W006,training,тренажёр Ширяевой / школьная программа / ОГЭ ч.1 / учебник
W007,training,тренажёр Ширяевой / школьная программа / ОГЭ ч.1 / учебник
W008,training,тренажёр Ширяевой / школьная программа / ОГЭ ч.1 / учебник
W009,training,тренажёр Ширяевой / школьная программа / ОГЭ ч.1 / учебник
W010,training,тренажёр Ширяевой / школьная программа / ОГЭ ч.1 / учебник
W011,training,тренажёр Ширяевой / школьная программа / ОГЭ ч.1 / учебник
W012,exam,вариант ЕГЭ (1–13)
W013,exam,"лист «Задание N а) б)», ЕГЭ №13"
W014,training,тренажёр Ширяевой / школьная программа / ОГЭ ч.1 / учебник
W015,exam,"лист ЕГЭ №14 (стереометрия, а/б)"
W016,training,тренажёр Ширяевой / школьная программа / ОГЭ ч.1 / учебник
W017,training,тренажёр Ширяевой / школьная программа / ОГЭ ч.1 / учебник
W018,training,тренажёр Ширяевой / школьная программа / ОГЭ ч.1 / учебник
W019,training,тренажёр Ширяевой / школьная программа / ОГЭ ч.1 / учебник
W020,exam,"лист «Задание N», ЕГЭ №15"
W021,training,тренажёр Ширяевой / школьная программа / ОГЭ ч.1 / учебник
W022,training,тренажёр Ширяевой / школьная программа / ОГЭ ч.1 / учебник
W023,training,тренажёр Ширяевой / школьная программа / ОГЭ ч.1 / учебник
W024,training,тренажёр Ширяевой / школьная программа / ОГЭ ч.1 / учебник
W025,training,тренажёр Ширяевой / школьная программа / ОГЭ ч.1 / учебник
W026,training,тренажёр Ширяевой / школьная программа / ОГЭ ч.1 / учебник
W027,exam,"лист «Задание N», ЕГЭ №15"
W028,training,тренажёр Ширяевой / школьная программа / ОГЭ ч.1 / учебник
W029,training,тренажёр Ширяевой / школьная программа / ОГЭ ч.1 / учебник
W030,training,тренажёр Ширяевой / школьная программа / ОГЭ ч.1 / учебник
W031,training,тренажёр Ширяевой / школьная программа / ОГЭ ч.1 / учебник
W032,training,тренажёр Ширяевой / школьная программа / ОГЭ ч.1 / учебник
W033,exam,"лист «Задание N», ЕГЭ №15"
W034,exam,"лист «Задание N», ЕГЭ №15"
W035,training,тренажёр Ширяевой / школьная программа / ОГЭ ч.1 / учебник
W036,training,тренажёр Ширяевой / школьная программа / ОГЭ ч.1 / учебник
W037,training,тренажёр Ширяевой / школьная программа / ОГЭ ч.1 / учебник
W038,training,тренажёр Ширяевой / школьная программа / ОГЭ ч.1 / учебник
W039,training,тренажёр Ширяевой / школьная программа / ОГЭ ч.1 / учебник
W040,training,тренажёр Ширяевой / школьная программа / ОГЭ ч.1 / учебник
W041,training,тренажёр Ширяевой / школьная программа / ОГЭ ч.1 / учебник
W042,training,тренажёр Ширяевой / школьная программа / ОГЭ ч.1 / учебник
W043,training,тренажёр Ширяевой / школьная программа / ОГЭ ч.1 / учебник
W044,training,тренажёр Ширяевой / школьная программа / ОГЭ ч.1 / учебник
W045,training,тренажёр Ширяевой / школьная программа / ОГЭ ч.1 / учебник
W046,training,тренажёр Ширяевой / школьная программа / ОГЭ ч.1 / учебник
W047,training,тренажёр Ширяевой / школьная программа / ОГЭ ч.1 / учебник
W048,training,тренажёр Ширяевой / школьная программа / ОГЭ ч.1 / учебник
W049,training,тренажёр Ширяевой / школьная программа / ОГЭ ч.1 / учебник
W050,training,тренажёр Ширяевой / школьная программа / ОГЭ ч.1 / учебник
W051,training,тренажёр Ширяевой / школьная программа / ОГЭ ч.1 / учебник
W052,training,тренажёр Ширяевой / школьная программа / ОГЭ ч.1 / учебник
W053,training,тренажёр Ширяевой / школьная программа / ОГЭ ч.1 / учебник
W054,training,тренажёр Ширяевой / школьная программа / ОГЭ ч.1 / учебник
W055,training,тренажёр Ширяевой / школьная программа / ОГЭ ч.1 / учебник
W056,training,тренажёр Ширяевой / школьная программа / ОГЭ ч.1 / учебник
W057,training,тренажёр Ширяевой / школьная программа / ОГЭ ч.1 / учебник
W058,exam,"лист «Задание N», ЕГЭ №15"
W059,training,тренажёр Ширяевой / школьная программа / ОГЭ ч.1 / учебник
W060,training,тренажёр Ширяевой / школьная программа / ОГЭ ч.1 / учебник
W061,training,тренажёр Ширяевой / школьная программа / ОГЭ ч.1 / учебник
W062,training,тренажёр Ширяевой / школьная программа / ОГЭ ч.1 / учебник
W063,training,тренажёр Ширяевой / школьная программа / ОГЭ ч.1 / учебник
W064,training,тренажёр Ширяевой / школьная программа / ОГЭ ч.1 / учебник
W065,exam,"лист «Задание N», ЕГЭ №15"
W066,training,тренажёр Ширяевой / школьная программа / ОГЭ ч.1 / учебник
W067,training,тренажёр Ширяевой / школьная программа / ОГЭ ч.1 / учебник
W068,training,тренажёр Ширяевой / школьная программа / ОГЭ ч.1 / учебник
W069,training,тренажёр Ширяевой / школьная программа / ОГЭ ч.1 / учебник
W070,training,тренажёр Ширяевой / школьная программа / ОГЭ ч.1 / учебник
W071,training,тренажёр Ширяевой / школьная программа / ОГЭ ч.1 / учебник
W072,training,тренажёр Ширяевой / школьная программа / ОГЭ ч.1 / учебник
W073,training,тренажёр Ширяевой / школьная программа / ОГЭ ч.1 / учебник
W074,training,тренажёр Ширяевой / школьная программа / ОГЭ ч.1 / учебник
W075,training,тренажёр Ширяевой / школьная программа / ОГЭ ч.1 / учебник
W076,training,тренажёр Ширяевой / школьная программа / ОГЭ ч.1 / учебник
W077,training,тренажёр Ширяевой / школьная программа / ОГЭ ч.1 / учебник
W078,training,тренажёр Ширяевой / школьная программа / ОГЭ ч.1 / учебник
W079,exam,кредиты «Задание 1–6»
W080,training,тренажёр Ширяевой / школьная программа / ОГЭ ч.1 / учебник
W081,training,тренажёр Ширяевой / школьная программа / ОГЭ ч.1 / учебник
W082,training,тренажёр Ширяевой / школьная программа / ОГЭ ч.1 / учебник
W083,exam,лист №15 (= M2)
W084,training,тренажёр Ширяевой / школьная программа / ОГЭ ч.1 / учебник
W085,training,тренажёр Ширяевой / школьная программа / ОГЭ ч.1 / учебник
W086,training,тренажёр Ширяевой / школьная программа / ОГЭ ч.1 / учебник
W087,exam,"кредиты, лист репетитора"
W088,exam,банк ФИПИ №15
W089,exam,сборник ЕГЭ 2021–2024 (дз на каникулы)
W090,training,тренажёр Ширяевой / школьная программа / ОГЭ ч.1 / учебник
W091,exam,"вклады, лист репетитора"
W092,training,тренажёр Ширяевой / школьная программа / ОГЭ ч.1 / учебник
W093,exam,"оптимизация, лист репетитора"
W094,training,тренажёр Ширяевой / школьная программа / ОГЭ ч.1 / учебник
W095,exam,"вариант 09.05, часть 1 (допущение: вариант = экзамен)"
W096,exam,"вариант 09.05 (1–12, 13, 16)"
W097,training,тренажёр Ширяевой / школьная программа / ОГЭ ч.1 / учебник
W098,training,тренажёр Ширяевой / школьная программа / ОГЭ ч.1 / учебник
W099,exam,"банк ФИПИ №15 + вариант (13, 15)"
W100,training,тренажёр Ширяевой / школьная программа / ОГЭ ч.1 / учебник
W101,training,тренажёр Ширяевой / школьная программа / ОГЭ ч.1 / учебник
W102,training,тренажёр Ширяевой / школьная программа / ОГЭ ч.1 / учебник
W103,training,тренажёр Ширяевой / школьная программа / ОГЭ ч.1 / учебник
W104,training,тренажёр Ширяевой / школьная программа / ОГЭ ч.1 / учебник
W105,training,тренажёр Ширяевой / школьная программа / ОГЭ ч.1 / учебник
W106,training,тренажёр Ширяевой / школьная программа / ОГЭ ч.1 / учебник
W107,exam,лист №15 (= M6)
W108,training,тренажёр Ширяевой / школьная программа / ОГЭ ч.1 / учебник
W109,exam,"кредиты, лист репетитора"
W110,exam,кредиты «Задание 1–5»
W111,exam,кредиты «Задание 1–5»
W112,exam,кредиты «Задание 1–5»
W113,exam,лист №15 (= M2)
W114,exam,ЕГЭ 2021–23 №17 (дз на каникулы)
W115,exam,"кредиты, лист репетитора"
W116,exam,"вариант 27.05.2025, часть 1 (допущение)"
W117,exam,"ЕГЭ №14, лист репетитора"
W118,exam,"кредиты, лист репетитора"
W121,exam,"лист репетитора «Задание N а) б)» (ЕГЭ №13, тригонометрические уравнения с отбором)"
W122,exam,"лист репетитора «Задание N а) б)» (ЕГЭ №13, тригонометрические уравнения с отбором)"
W123,exam,"Вариант ЕГЭ профильного уровня (часть 1 №1–12, часть 2 №13–19); часть 1 варианта — режим exam"
W124,exam,"Пробник ЕГЭ (профиль) от 26 октября 2025: часть 1 (№1–12) и часть 2 (№13, 14) — вариант ЕГЭ"
W126,training,Тренажёр «Формулы приведения»: списки однотипных упражнений на навык
W127,exam,"Прототипы ЕГЭ №12 (банк ФИПИ: точки экстремума, наименьшее значение на отрезке), номера из списка задач репетитора"
W128,training,"Задачник ЕГЭпроф 2026, «Блок 1. ФИПИ, примеры прототипов» — прототипы задания №1 ЕГЭ из банка ФИПИ (см. сомнения: это задачник Ширяевой) | исправлено:"
W129,training,Задачник ЕГЭпроф 2026 (тренажёр) Е. А. Ширяевой — списки однотипных уравнений на навык
W132,training,"Лист упражнений на навык (метод интервалов): Задание 4 а)–г), 5 а)–б), 6 а)–г) — однотипные неравенства, не задачи формата ЕГЭ"
W133,training,"Нумерованный сборник однотипных упражнений №30–51 (график производной/функции, с подпунктами 1)–4)) — тренировка навыка"
W135,training,"Школьная самостоятельная по стереометрии (параллельные плоскости), «Вариант I / Вариант II»."
W136,exam,"Лист репетитора «Задание 1–3» — экономические задачи экзаменационного типа (ЕГЭ №16/17 проф.), оценки «2Б»."
