work_id,task_no,label,student_answer,key_answer,match,status,comment
W018,1,1,25,25,1,ok,"Ответ 25 = ключ 25, метка 1"
W018,3,1,15,15,1,ok,"Ответ 15 = ключ 15, метка 1"
W018,4,0,28,14,0,ok,"Ответ 28 ≠ ключ 14, метка 0"
W018,7,1,18,18,1,ok,"Ответ 18 = ключ 18, метка 1"
W018,11,1,4,4,1,ok,"Ответ 4 = ключ 4, метка 1"
W020,1,1,(-∞; 0] ∪ [2; +∞),(-∞; 0] ∪ [2; +∞),1,ok,"Ответ (-∞; 0] ∪ [2; +∞) = ключ (-∞; 0] ∪ [2; +∞), метка 1"
W020,2,0,[1; 2],[2; +∞),0,ok,"Ответ [1; 2] ≠ ключ [2; +∞), метка 0"
W020,3,0,(-∞; -2) ∪ (0; 1),(-∞; -3) ∪ [0; 1],0,ok,"Ответ (-∞; -2) ∪ (0; 1) ≠ ключ (-∞; -3) ∪ [0; 1], метка 0"
W020,4,0,[-5; -3],(-11; -5] ∪ [-3; 1),0,ok,"Ответ [-5; -3] ≠ ключ (-11; -5] ∪ [-3; 1), метка 0"
W020,5,0,(-∞; -12-8√2] ∪ [-12+8√2; 0),(-∞; 0) ∪ (0; 6/7],0,ok,"Ответ (-∞; -12-8√2] ∪ [-12+8√2; 0) ≠ ключ (-∞; 0) ∪ (0; 6/7], метка 0"
W039,Б1-1.1,1,6,6,1,ok,"Ответ 6 = ключ 6, метка 1"
W039,Б1-1.2,1,4,4,1,ok,"Ответ 4 = ключ 4, метка 1"
W039,Б1-1.3,1,7,7,1,ok,"Ответ 7 = ключ 7, метка 1"
W039,Б1-1.4,1,6,6,1,ok,"Ответ 6 = ключ 6, метка 1"
W039,Б1-1.5,1,8,8,1,ok,"Ответ 8 = ключ 8, метка 1"
W039,Б1-1.6,1,9,9,1,ok,"Ответ 9 = ключ 9, метка 1"
W039,Б1-2.1,1,10,10,1,ok,"Ответ 10 = ключ 10, метка 1"
W039,Б1-2.2,1,10,10,1,ok,"Ответ 10 = ключ 10, метка 1"
W039,Б1-2.3,1,8,8,1,ok,"Ответ 8 = ключ 8, метка 1"
W039,Б1-2.4,1,8,8,1,ok,"Ответ 8 = ключ 8, метка 1"
W039,Б1-2.5,1,6,6,1,ok,"Ответ 6 = ключ 6, метка 1"
W039,Б1-2.6,1,6,6,1,ok,"Ответ 6 = ключ 6, метка 1"
W039,Б1-3.1,0,"0,25",4,0,ok,"Ответ 0,25 ≠ ключ 4, метка 0"
W039,Б1-3.2,1,"1,5","1,5",1,ok,"Ответ 1,5 = ключ 1,5, метка 1"
W039,Б1-3.3,0,"1,5",2,0,ok,"Ответ 1,5 ≠ ключ 2, метка 0"
W039,Б1-3.4,1,2,2,1,ok,"Ответ 2 = ключ 2, метка 1"
W039,Б1-3.5,1,3,3,1,ok,"Ответ 3 = ключ 3, метка 1"
W039,Б1-3.6,1,3,3,1,ok,"Ответ 3 = ключ 3, метка 1"
W039,Б1-4.1,1,28,28,1,ok,"Ответ 28 = ключ 28, метка 1"
W039,Б1-4.2,1,10,10,1,ok,"Ответ 10 = ключ 10, метка 1"
W039,Б1-4.3,1,21,21,1,ok,"Ответ 21 = ключ 21, метка 1"
W039,Б1-4.4,1,14,14,1,ok,"Ответ 14 = ключ 14, метка 1"
W039,Б1-4.5,1,20,20,1,ok,"Ответ 20 = ключ 20, метка 1"
W039,Б1-4.6,1,12,12,1,ok,"Ответ 12 = ключ 12, метка 1"
W039,Б1-4.7,1,30,30,1,ok,"Ответ 30 = ключ 30, метка 1"
W039,Б1-4.8,1,25,25,1,ok,"Ответ 25 = ключ 25, метка 1"
W039,Б1-4.9,1,24,24,1,ok,"Ответ 24 = ключ 24, метка 1"
W039,Б1-5.1,1,15,15,1,ok,"Ответ 15 = ключ 15, метка 1"
W039,Б1-5.2,1,9,9,1,ok,"Ответ 9 = ключ 9, метка 1"
W039,Б1-5.3,1,14,14,1,ok,"Ответ 14 = ключ 14, метка 1"
W039,Б1-5.4,1,20,20,1,ok,"Ответ 20 = ключ 20, метка 1"
W039,Б1-5.5,1,1,12,,ambiguous,"Ученик записал «½·3·8 = 1» (не дописал), «2» дописано проверяющим фиолетовым; вычисление верное, итог ученика 1 ≠ 12, метка 1"
W039,Б1-5.6,1,12,12,1,ok,"Ответ 12 = ключ 12, метка 1"
W039,Б1-5.7,1,10,10,1,ok,"Ответ 10 = ключ 10, метка 1"
W039,Б1-5.8,1,6,6,1,ok,"Ответ 6 = ключ 6, метка 1"
W039,Б1-5.9,1,10,10,1,ok,"Ответ 10 = ключ 10, метка 1"
W039,Б1-6.1,1,20,20,1,ok,"Ответ 20 = ключ 20, метка 1"
W039,Б1-6.2,1,18,18,1,ok,"Ответ 18 = ключ 18, метка 1"
W039,Б1-6.3,1,12,12,1,ok,"Ответ 12 = ключ 12, метка 1"
W039,Б1-6.4,1,28,28,1,ok,"Ответ 28 = ключ 28, метка 1"
W039,Б1-6.5,1,28,28,1,ok,"Ответ 28 = ключ 28, метка 1"
W039,Б1-6.6,1,35,35,1,ok,"Ответ 35 = ключ 35, метка 1"
W039,Б1-6.7,1,56,36,,ambiguous,"Выкладка (2+10)/2·6 верна, но итог читается как «56» (ср. «36» в п.9 — другое начертание); ключ 36, метка 1 — возможно почерк"
W039,Б1-6.8,1,25,25,1,ok,"Ответ 25 = ключ 25, метка 1"
W039,Б1-6.9,1,36,36,1,ok,"Ответ 36 = ключ 36, метка 1"
W039,Б1-7.1,1,39,30,,ambiguous,"½·10·6 = «39»? последняя цифра похожа на 9 (или 0 с хвостом); ключ 30, метка 1 — почерк неоднозначен"
W039,Б1-7.2,0,38,20,0,ok,"Ответ 38 ≠ ключ 20, метка 0"
W039,Б1-7.3,1,10,10,1,ok,"Ответ 10 = ключ 10, метка 1"
W039,Б1-7.4,1,18,18,1,ok,"Ответ 18 = ключ 18, метка 1"
W039,Б1-7.5,1,12,12,1,ok,"Ответ 12 = ключ 12, метка 1"
W039,Б1-7.6,1,4,4,1,ok,"Ответ 4 = ключ 4, метка 1"
W039,Б1-7.7,1,16,16,1,ok,"Ответ 16 = ключ 16, метка 1"
W039,Б1-7.8,1,24,24,1,ok,"Ответ 24 = ключ 24, метка 1"
W039,Б1-7.9,1,8,8,1,ok,"Ответ 8 = ключ 8, метка 1"
W039,Б1-8.1,1,5,5,1,ok,"Ответ 5 = ключ 5, метка 1"
W039,Б1-8.2,1,10,10,1,ok,"Ответ 10 = ключ 10, метка 1"
W039,Б1-8.3,1,13,13,1,ok,"Ответ 13 = ключ 13, метка 1"
W039,Б1-8.4,1,5,5,1,ok,"Ответ 5 = ключ 5, метка 1"
W039,Б1-8.5,1,10,10,1,ok,"Ответ 10 = ключ 10, метка 1"
W039,Б1-8.6,1,13,13,1,ok,"Ответ 13 = ключ 13, метка 1"
W039,Б1-9.1,1,2,2,1,ok,"Ответ 2 = ключ 2, метка 1"
W039,Б1-9.2,1,4,4,1,ok,"Ответ 4 = ключ 4, метка 1"
W039,Б1-9.3,1,3,3,1,ok,"Ответ 3 = ключ 3, метка 1"
W039,Б1-9.4,1,2,2,1,ok,"Ответ 2 = ключ 2, метка 1"
W039,Б1-9.5,1,5,5,1,ok,"Ответ 5 = ключ 5, метка 1"
W039,Б1-9.6,1,2,2,1,ok,"Ответ 2 = ключ 2, метка 1"
W039,Б1-10.1,1,3,3,1,ok,"Ответ 3 = ключ 3, метка 1"
W039,Б1-10.2,1,"2,5","2,5",1,ok,"Ответ 2,5 = ключ 2,5, метка 1"
W039,Б1-10.3,1,2,2,1,ok,"Ответ 2 = ключ 2, метка 1"
W039,Б1-10.4,0,2,1,0,ok,"Ответ 2 ≠ ключ 1, метка 0"
W039,Б1-10.5,1,"4,5","4,5",1,ok,"Ответ 4,5 = ключ 4,5, метка 1"
W039,Б1-10.6,1,3,3,1,ok,"Ответ 3 = ключ 3, метка 1"
W039,Б1-10.7,1,1,1,1,ok,"Ответ 1 = ключ 1, метка 1"
W039,Б1-10.8,1,5,5,1,ok,"Ответ 5 = ключ 5, метка 1"
W039,Б1-10.9,1,3/3,1,1,ok,"Итог не дописан: AB = 3/3 = …; 3/3 = 1 = ключ, метка 1"
W039,Б1-11.2,1,6,6,1,ok,"Ответ 6 = ключ 6, метка 1"
W039,Б1-11.3,1,6,6,1,ok,"Ответ 6 = ключ 6, метка 1"
W039,Б1-11.4,0,"6,5",7,0,ok,"Ответ 6,5 ≠ ключ 7, метка 0"
W039,Б1-11.5,1,8,8,1,ok,"Ответ 8 = ключ 8, метка 1"
W039,Б1-11.6,1,6,6,1,ok,"Ответ 6 = ключ 6, метка 1"
W039,Б1-11.7,1,4,4,1,ok,"Ответ 4 = ключ 4, метка 1"
W039,Б1-11.8,1,5,5,1,ok,"Ответ 5 = ключ 5, метка 1"
W039,Б1-11.9,1,3,3,1,ok,"Ответ 3 = ключ 3, метка 1"
W039,Б1-12.1,1,4,4,1,ok,"Ответ 4 = ключ 4, метка 1"
W039,Б1-12.2,1,4,4,1,ok,"Ответ 4 = ключ 4, метка 1"
W039,Б1-12.3,1,"2,25","2,25",1,ok,"Ответ 2,25 = ключ 2,25, метка 1"
W039,Б1-12.4,,,,,na,"Метка пустая, задача не решена/не доведена; ответа ученика нет"
W039,Б1-12.5,1,"2,5","2,5",1,ok,"Ответ 2,5 = ключ 2,5, метка 1"
W039,Б1-12.6,1,"1,25","1,25",1,ok,"Ответ 1,25 = ключ 1,25, метка 1"
W039,Б1-12.7,1,2,2,1,ok,"Ответ 2 = ключ 2, метка 1"
W039,Б1-12.8,1,"1,8","1,8",1,ok,"Ответ 1,8 = ключ 1,8, метка 1"
W039,Б1-12.9,1,"3,2","3,2",1,ok,"Ответ 3,2 = ключ 3,2, метка 1"
W039,Б2-1.1,1,4,4,1,ok,"Ответ 4 = ключ 4, метка 1"
W039,Б2-1.2,1,7,7,1,ok,"Ответ 7 = ключ 7, метка 1"
W039,Б2-1.3,1,3,3,1,ok,"Ответ 3 = ключ 3, метка 1"
W039,Б2-1.4,1,5,5,1,ok,"Ответ 5 = ключ 5, метка 1"
W039,Б2-1.5,1,2,2,1,ok,"Ответ 2 = ключ 2, метка 1"
W039,Б2-1.6,1,1,1,1,ok,"Ответ 1 = ключ 1, метка 1"
W039,Б2-2.1,0,8,2,0,ok,"Ответ 8 ≠ ключ 2, метка 0"
W039,Б2-2.2,1,7,7,1,ok,"Ответ 7 = ключ 7, метка 1"
W039,Б2-2.3,1,7,7,1,ok,"Ответ 7 = ключ 7, метка 1"
W039,Б2-2.4,1,4,4,1,ok,"Ответ 4 = ключ 4, метка 1"
W039,Б2-2.5,1,4,4,1,ok,"Ответ 4 = ключ 4, метка 1"
W039,Б2-2.6,1,2,2,1,ok,"Ответ 2 = ключ 2, метка 1"
W039,Б2-3.1,1,3,3,1,ok,"Ответ 3 = ключ 3, метка 1"
W039,Б2-3.2,1,2,2,1,ok,"Ответ 2 = ключ 2, метка 1"
W039,Б2-3.3,1,2,2,1,ok,"Ответ 2 = ключ 2, метка 1"
W039,Б2-3.4,1,"1,5","1,5",1,ok,"Ответ 1,5 = ключ 1,5, метка 1"
W039,Б2-3.5,,,,,na,"Метка пустая, задача не решена/не доведена; ответа ученика нет"
W039,Б2-3.6,1,2,2,1,ok,"Ответ 2 = ключ 2, метка 1"
W039,Б2-4.1,1,14,14,1,ok,"Ответ 14 = ключ 14, метка 1"
W039,Б2-4.2,1,15,15,1,ok,"Ответ 15 = ключ 15, метка 1"
W039,Б2-4.3,1,18,18,1,ok,"Ответ 18 = ключ 18, метка 1"
W039,Б2-4.4,1,13,13,1,ok,"Ответ 13 = ключ 13, метка 1"
W039,Б2-4.5,1,19,19,1,ok,"Ответ 19 = ключ 19, метка 1"
W039,Б2-4.6,1,16,16,1,ok,"Ответ 16 = ключ 16, метка 1"
W039,Б2-4.7,1,11,11,1,ok,"Ответ 11 = ключ 11, метка 1"
W039,Б2-4.8,1,9,9,1,ok,"Ответ 9 = ключ 9, метка 1"
W039,Б2-4.9,1,11,11,1,ok,"Ответ 11 = ключ 11, метка 1"
W039,Б2-5.1,0,"33,5",23,0,ok,"33,5 ≠ 23 (проверено по фигуре шнурками); метка 0"
W039,Б2-5.2,0,"14,84",17,0,ok,"14,84 ≠ 17 (проверено по фигуре шнурками); метка 0"
W039,Б2-5.3,1,"32,5","32,5",1,ok,"Ответ 32,5 = ключ 32,5, метка 1"
W039,Б2-5.4,1,28,28,1,ok,"Ответ 28 = ключ 28, метка 1"
W039,Б2-5.5,1,12,12,1,ok,"Ответ 12 = ключ 12, метка 1"
W039,Б2-5.6,0,"24,5",25,0,ok,"Ученик 24,5 ≠ 25; ключ 25 проверен по фигуре (шнурки: (0,0),(4,0),(5,5),(0,6) → 25), исправление проверяющего 23 тоже неверно"
W039,Б2-5.7,1,"28,5","28,5",1,ok,"Ответ 28,5 = ключ 28,5, метка 1"
W039,Б2-5.8,1,"18,5","18,5",1,ok,"Ответ 18,5 = ключ 18,5, метка 1"
W039,Б2-5.9,1,26,26,1,ok,"Ответ 26 = ключ 26, метка 1"
W039,Б2-11.1,1,1,1,1,ok,"Ответ 1 = ключ 1, метка 1"
W039,Б2-11.2,0,"2,25","1,5",0,ok,"Ответ 2,25 ≠ ключ 1,5, метка 0"
W039,Б2-11.3,1,2,2,1,ok,"Ответ 2 = ключ 2, метка 1"
W039,Б2-11.4,1,1,1,1,ok,"Ответ 1 = ключ 1, метка 1"
W039,Б2-11.5,0,"0,36","0,6",0,ok,"Ответ 0,36 ≠ ключ 0,6, метка 0"
W039,Б2-11.6,1,"0,5","0,5",1,ok,"Ответ 0,5 = ключ 0,5, метка 1"
W068,1.4,1,4,4,1,ok,"Ответ 4 = ключ 4, метка 1"
W068,1.7,1,9,9,1,ok,"Ответ 9 = ключ 9, метка 1"
W068,1.8,1,10,10,1,ok,"Ответ 10 = ключ 10, метка 1"
W068,2.3,1,-3; -2; 3,-3; -2; 3,1,ok,"Ответ -3; -2; 3 = ключ -3; -2; 3, метка 1"
W068,2.4,,,,,na,"Метка пустая, задача не решена/не доведена; ответа ученика нет"
W068,2.12,1,-6; -3; 3,-6; -3; 3,1,ok,"Ответ -6; -3; 3 = ключ -6; -3; 3, метка 1"
W068,2.13,1,-4; -3; 4,-4; -3; 4,1,ok,"Ответ -4; -3; 4 = ключ -4; -3; 4, метка 1"
W068,3.5,0,2,-1,0,ok,"Ответ 2 ≠ ключ -1, метка 0"
W068,3.6,1,-1,-1,1,ok,"Ответ -1 = ключ -1, метка 1"
W068,3.12,0,-4; -3; -1,-4; -3; 1,0,ok,"Ответ −4; −3; −1 ≠ ключ −4; −3; 1 (x²+3x−4=0 → 1, −4); метка 0 верна"
W068,3.13,1,-4; -2; 2,-4; -2; 2,1,ok,"Ответ -4; -2; 2 = ключ -4; -2; 2, метка 1"
W069,5.5,1,"0,5; -0,2","-0,2; 0,5",1,ok,"Ответ 0,5; -0,2 = ключ -0,2; 0,5, метка 1"
W069,8.12,0,x=1; x=-1; y=67 (y=62),(-1; 7); (1; 7),0,ok,"Ответ x=1; x=-1; y=67 (y=62) ≠ ключ (-1; 7); (1; 7), метка 0"
W069,9.1,0,x=2; y=3,(2; -3); (2; 3),0,ok,"Ответ x=2; y=3 ≠ ключ (2; -3); (2; 3), метка 0"
W069,9.7,0,x=2; y=2,(2; -2); (2; 2),0,ok,"Ученик y = 2 (± дописан красным проверяющим), потерян корень y=−2; метка 0 верна"
W040,Б1-1.1,1,6,6,1,ok,ответ = ключ
W040,Б1-1.2,1,4,4,1,ok,ответ = ключ
W040,Б1-1.3,1,7,7,1,ok,ответ = ключ
W040,Б1-1.4,1,6,6,1,ok,ответ = ключ
W040,Б1-1.5,1,8,8,1,ok,ответ = ключ
W040,Б1-1.6,1,3 (или 9?),9,,ambiguous,Фото низкого разрешения: ответ читается скорее как 3 (9 у ученика обычно с замкнутой петлёй). Ключ 9 проверен по рисунку (катеты 9 и 4). Если 3 — метка 1 неверна
W040,Б1-2.1,1,10,10,1,ok,ответ = ключ
W040,Б1-2.2,1,10,10,1,ok,ответ = ключ
W040,Б1-2.3,1,8,8,1,ok,ответ = ключ
W040,Б1-2.4,1,8,8,1,ok,ответ = ключ
W040,Б1-2.5,1,6,6,1,ok,ответ = ключ
W040,Б1-2.6,1,6,6,1,ok,ответ = ключ
W040,Б1-3.1,1,4,4,1,ok,ответ = ключ
W040,Б1-3.2,1,"1,5","1,5",1,ok,ответ = ключ
W040,Б1-3.3,,,,,na,Метка пустая: 
W040,Б1-3.4,1,2,2,1,ok,ответ = ключ
W040,Б1-3.5,1,3,3,1,ok,ответ = ключ
W040,Б1-3.6,,,,,na,Метка пустая: 
W040,Б1-4.1,1,28,28,1,ok,ответ = ключ
W040,Б1-4.2,1,10,10,1,ok,ответ = ключ
W040,Б1-4.3,1,21,21,1,ok,ответ = ключ
W040,Б1-4.4,1,14,14,1,ok,ответ = ключ
W040,Б1-4.5,1,20,20,1,ok,ответ = ключ
W040,Б1-4.6,1,12,12,1,ok,ответ = ключ
W040,Б1-4.7,1,30,30,1,ok,ответ = ключ
W040,Б1-4.8,1,25,25,1,ok,ответ = ключ
W040,Б1-4.9,1,24,24,1,ok,ответ = ключ
W040,Б1-5.1,0,25,15,0,ok,"25 зачёркнуто проверяющим, 15 = ключ"
W040,Б1-5.2,1,9,9,1,ok,ответ = ключ
W040,Б1-5.3,1,14,14,1,ok,ответ = ключ
W040,Б1-5.4,1,20,20,1,ok,ответ = ключ
W040,Б1-5.5,1,12,12,1,ok,ответ = ключ
W040,Б1-5.6,1,12,12,1,ok,ответ = ключ
W040,Б1-5.7,1,10,10,1,ok,ответ = ключ
W040,Б1-5.8,1,6,6,1,ok,ответ = ключ
W040,Б1-5.9,1,10,10,1,ok,ответ = ключ
W040,Б1-6.1,1,20,20,1,ok,ответ = ключ
W040,Б1-6.2,1,18,18,1,ok,ответ = ключ
W040,Б1-6.3,1,12,12,1,ok,ответ = ключ
W040,Б1-6.4,1,28,28,1,ok,ответ = ключ
W040,Б1-6.5,1,28,28,1,ok,ответ = ключ
W040,Б1-6.6,1,35,35,1,ok,ответ = ключ
W040,Б1-6.7,1,36,36,1,ok,ответ = ключ
W040,Б1-6.8,1,25,25,1,ok,ответ = ключ
W040,Б1-6.9,1,36,36,1,ok,ответ = ключ
W040,Б1-7.1,1,30,30,1,ok,ответ = ключ
W040,Б1-7.2,1,20,20,1,ok,ответ = ключ
W040,Б1-7.3,1,10,10,1,ok,ответ = ключ
W040,Б1-7.4,1,18,18,1,ok,ответ = ключ
W040,Б1-7.5,1,12,12,1,ok,ответ = ключ
W040,Б1-7.6,1,4,4,1,ok,ответ = ключ
W040,Б1-7.7,1,16,16,1,ok,ответ = ключ
W040,Б1-7.8,1,24,24,1,ok,ответ = ключ
W040,Б1-7.9,1,8,8,1,ok,ответ = ключ
W040,Б1-8.1,1,5,5,1,ok,ответ = ключ
W040,Б1-8.2,1,10,10,1,ok,ответ = ключ
W040,Б1-8.3,1,13,13,1,ok,ответ = ключ
W040,Б1-8.4,1,5,5,1,ok,ответ = ключ
W040,Б1-8.5,1,10,10,1,ok,ответ = ключ
W040,Б1-8.6,1,13,13,1,ok,ответ = ключ
W040,Б1-9.1,0,"2,5",2,0,ok,"AC=4 кл., ср. линия 2; у ученика 2,5"
W040,Б1-9.2,0,"5,5",4,0,ok,"AC=8, ответ 4; у ученика 5,5"
W040,Б1-9.3,0,"3,5",3,0,ok,ответ ≠ ключ (3)
W040,Б1-9.4,0,"2,5",2,0,ok,ответ ≠ ключ (2)
W040,Б1-9.5,0,"7,5",5,0,ok,"AC=10, ответ 5; у ученика 7,5"
W040,Б1-9.6,0,"2,5",2,0,ok,ответ ≠ ключ (2)
W040,Б1-10.1,1,3,3,1,ok,ответ = ключ
W040,Б1-10.2,0,3,"2,5",0,ok,"ответ ≠ ключ (2,5)"
W040,Б1-10.3,1,2,2,1,ok,ответ = ключ
W040,Б1-10.4,1,1,1,1,ok,ответ = ключ
W040,Б1-10.5,0,неразборчиво (зачёркнуто),"4,5",0,ok,"ответ ≠ ключ (4,5)"
W040,Б1-10.6,0,1,3,0,ok,ответ ≠ ключ (3)
W040,Б1-10.7,0,2,1,0,ok,ответ ≠ ключ (1)
W040,Б1-10.8,0,неразборчиво (зачёркнуто),5,0,ok,ответ ≠ ключ (5)
W040,Б1-10.9,0,неразборчиво (зачёркнуто),1,0,ok,ответ ≠ ключ (1)
W040,Б1-11.1,0,"4,5",4,0,ok,"основания 1 и 7 → 4; у ученика 4,5"
W040,Б1-11.2,1,6,6,1,ok,ответ = ключ
W040,Б1-11.3,1,6,6,1,ok,ответ = ключ
W040,Б1-11.4,1,7,7,1,ok,ответ = ключ
W040,Б1-11.5,1,8,8,1,ok,ответ = ключ
W040,Б1-11.6,1,6,6,1,ok,ответ = ключ
W040,Б1-11.7,1,4,4,1,ok,ответ = ключ
W040,Б1-11.8,1,5,5,1,ok,ответ = ключ
W040,Б1-11.9,1,3,3,1,ok,ответ = ключ
W040,Б1-12.1,0,неразборчиво,4,,ambiguous,Ответ под зачёркиванием проверяющего неразборчив; ключ 4 проверен (диаметры 4 и 2 клетки)
W040,Б1-12.2,0,16,4,0,ok,ответ ≠ ключ (4)
W040,Б1-12.3,0,10,"2,25",0,ok,"ответ ≠ ключ (2,25)"
W040,Б1-12.4,0,4,5,0,ok,ответ ≠ ключ (5)
W040,Б1-12.5,0,9,"2,5",0,ok,"ответ ≠ ключ (2,5)"
W040,Б1-12.6,0,16,"1,25",0,ok,"ответ ≠ ключ (1,25)"
W040,Б1-12.7,0,неразборчиво,2,,ambiguous,"Ответ под зачёркиванием проверяющего неразборчив; ключ 2 проверен (отношение диаметров ≈1,41)"
W040,Б1-12.8,0,9,"1,8",0,ok,"ответ ≠ ключ (1,8)"
W040,Б1-12.9,0,16,"3,2",0,ok,"ответ ≠ ключ (3,2)"
W040,Б2-1.1,1,4,4,1,ok,ответ = ключ
W040,Б2-1.2,1,7,7,1,ok,ответ = ключ
W040,Б2-1.3,1,3,3,1,ok,ответ = ключ
W040,Б2-1.4,1,5,5,1,ok,ответ = ключ
W040,Б2-1.5,1,2,2,1,ok,ответ = ключ
W040,Б2-1.6,1,1,1,1,ok,ответ = ключ
W040,Б2-2.1,1,2,2,1,ok,ответ = ключ
W040,Б2-2.2,1,7,7,1,ok,ответ = ключ
W040,Б2-2.3,1,7,7,1,ok,ответ = ключ
W040,Б2-2.4,1,4,4,1,ok,ответ = ключ
W040,Б2-2.5,1,4,4,1,ok,ответ = ключ
W040,Б2-2.6,1,2,2,1,ok,ответ = ключ
W040,Б2-3.1,,,,,na,Метка пустая: 
W040,Б2-3.2,,,,,na,Метка пустая: 
W040,Б2-3.3,,,,,na,Метка пустая: 
W040,Б2-3.4,,,,,na,Метка пустая: 
W040,Б2-3.5,,,,,na,Метка пустая: 
W040,Б2-3.6,,,,,na,Метка пустая: 
W040,Б2-4.1,1,14,14,1,ok,ответ = ключ
W040,Б2-4.2,1,15,15,1,ok,ответ = ключ
W040,Б2-4.3,1,18,18,1,ok,ответ = ключ
W040,Б2-4.4,1,13,13,1,ok,ответ = ключ
W040,Б2-4.5,1,19,19,1,ok,ответ = ключ
W040,Б2-4.6,0,15,16,0,ok,"Проверяющий поставил + блоку, но ответ 15 ≠ 16 (25−3·3=16, проверено шнурками) — метка 0 верна"
W040,Б2-4.7,1,11? (знак «u»),11,,ambiguous,Знак похож на «u»: 11 слитно или 4 без хвоста; ключ 11 проверен (шнурки: 11)
W040,Б2-4.8,1,9? (клякса),9,,ambiguous,"Ответ — клякса, читается как 9 или 0; ключ 9 проверен (шнурки: 9)"
W040,Б2-4.9,1,11,11,1,ok,ответ = ключ
W040,Б2-5.1,0,неразборчиво (зачёркнуто),23,0,ok,ответ ≠ ключ (23)
W040,Б2-5.2,1,17,17,1,ok,ответ = ключ
W040,Б2-5.3,1,"32,5","32,5",1,ok,ответ = ключ
W040,Б2-5.4,1,28,28,1,ok,ответ = ключ
W040,Б2-5.5,1,12,12,1,ok,ответ = ключ
W040,Б2-5.6,0,"неразборчиво (зачёркнуто, ~30)",25,0,ok,"Ключ 25 проверен шнурками (0,0),(5,1),(4,6),(0,6); ответ ученика зачёркнут"
W040,Б2-5.7,1,"28,5","28,5",1,ok,ответ = ключ
W040,Б2-5.8,1,"18,5","18,5",1,ok,ответ = ключ
W040,Б2-5.9,0,16,26,0,ok,16 ≠ 26 (проверено шнурками)
W041,7.5,0,"-3; ? (исходная цифра под исправлением 2 неразборчива, 4/1)",-3; 2,0,ok,Итог после исправления проверяющего −3; 2; исходный x₂ ученика ≠ 2
W041,7.6,1,-4; 1,-4; 1,1,ok,ответ = ключ
W041,7.7,1,-4; 2,-4; 2,1,ok,ответ = ключ
W041,8.4,0,"(-2,2; -22); (-1; -16)","(1; -6); (2,2; 0)",0,ok,"ответ ≠ ключ ((1; -6); (2,2; 0))"
W041,8.8,1,"(1,25; 0); (2; 6)","(1,25; 0); (2; 6)",1,ok,ответ = ключ
W041,8.12,0,"(√2,5; -0,5); (-√2,5; -0,5)",(-1; 7); (1; 7),0,ok,"Ответ ±√2,5; −0,5 ≠ (±1; 7)"
W041,9.4,1,(3; 4); (3; -4),(3; -4); (3; 4),1,ok,ответ = ключ
W041,9.8,1,(3; 3); (3; -3),(3; -3); (3; 3),1,ok,ответ = ключ
W041,9.12,0,(4; 21); (7; 27),(3; 7),0,ok,"(4;21),(7;27) ≠ (3;7)"
W042,8.4,0,"(2; -1); (4,4; 11)","(1; -6); (2,2; 0)",0,ok,"ответ ≠ ключ ((1; -6); (2,2; 0))"
W042,8.8,1,"(2; 6); (1,25; 0)","(1,25; 0); (2; 6)",1,ok,ответ = ключ
W042,8.12,1,(1; 7); (-1; 7),(-1; 7); (1; 7),1,ok,ответ = ключ
W042,9.4,0,(3; 4),(3; -4); (3; 4),0,ok,ответ ≠ ключ ((3; -4); (3; 4))
W062,Б1-1,1,10,10,1,ok,ответ = ключ
W062,Б1-6,,,,,na,Метка пустая: 
W062,Б1-9,1,26,26,1,ok,ответ = ключ
W062,Б1-15,1,80,80,1,ok,ответ = ключ
W062,Б1-45,0,?0 (исходная первая цифра под исправлением на 8 неразборчива),80,0,ok,ответ ≠ ключ (80)
W062,Б1-46,1,55,55,1,ok,ответ = ключ
W062,Б1-69,1,23,23,1,ok,ответ = ключ
W062,Б1-70,1,15,15,1,ok,ответ = ключ
W071,50,0,42,36,0,ok,ответ ≠ ключ (36)
W071,54,0,2√7,8,0,ok,ответ ≠ ключ (8)
W071,56,0,5√7,14,0,ok,ответ ≠ ключ (14)
W071,59,0,33,11√3,0,ok,ответ ≠ ключ (11√3)
W071,62,0,2√30,20√6,0,ok,ответ ≠ ключ (20√6)
W071,64,0,18,18√3,0,ok,"18 ≠ 18√3 (h=9√3, AB=h/sin30°); в explanation опечатка «=18», ключ верен"
W015,4а,1,"построение KLMN (KL∥AB, KN∥CD, NM∥AB)",—,,na,"построение, ключ «—»; описанное построение верное"
W015,4б,1,90,90,1,ok,"ответ 90° = ключ; KN=3, NM=4, KM=5 → ∠KNM=90°"
W015,5а,1,доказательство (MO∥A1C),—,,na,"доказательство, ключ «—»; идея MO — средняя линия △A1B1C верна"
W015,5б,1,"arccos 0,64","arccos 0,64",1,ok,"BM=(0;3;4), CB1=(−3;0;4), cos=16/25=0,64 — совпадает"
W015,7,1,3,3,1,ok,"OM=2√3, SO=6, SM=4√3, d=6·2√3/(4√3)=3; AO∥BC ⇒ d(A)=d(O)"
W019,1,0,доказательство через ∠BDE=∠BAC (по кругу),—,,ok,"метка 0: на фото равенство углов постулируется, затем «подобие по 1-му признаку» — ошибка реально есть (проверяющий поставил +)"
W019,1а,1,1/3,1:3,1,ok,DE:AC=1/3 = ключ 1:3
W019,1б,1,3/1,3:1,1,ok,P_ABC:P_DBE=3:1 = ключ
W019,1в,1,1/9,1:9,1,ok,S_DBE:S_ABC=(1/3)²=1/9 = ключ
W019,2,1,2√20; 2√80,4√5; 8√5,1,ok,"2√20=4√5, 2√80=8√5 — эквивалентно ключу"
W019,3,0,перечислены свойства трапеции без вывода,—,,ok,"метка 0: на фото только список свойств (BC∥AD, BM=CN, суммы углов 180°), в «Дано» BC=8 — ошибка реально есть; проверяющий поставил +"
W019,4,,,,,na,метка пустая: задача не решена/не доведена
W024,4.4,0,−1; 2; 3,-2; -1; 3,0,ok,x₂=(1−5)/2 записано как 4/2=2; верно −2; −1; 3
W024,4.5,1,−4; −3; 2,-4; -3; 2,1,ok,совпадает с ключом
W024,4.13,1,−5,-5,1,ok,совпадает с ключом
W024,4.14,1,−7,-7,1,ok,совпадает с ключом
W024,5.3,0,9; −7,-1/3; 1,0,ok,делил на 2 вместо 6 и подставил 16 вместо √16=4; верно −1/3; 1
W024,5.5,0,−2; 5,"-0,2; 0,5",0,ok,"делил на 2 вместо 20; верно −0,2; 0,5"
W024,5.11,1,"3,25; 2","2; 3,25",1,ok,совпадает с ключом
W024,5.13,1,"−1,5; 15/7 (перед 1,5 и у 15/7 штрихи, похожие на минус)","1,5; 15/7",,ambiguous,"в строке x₂=−42/(−28) записан результат «−1,5», в ответе «Ответ.−1,5; ‾15/7»: неясно, минусы это или тире; ключ 1,5; 15/7 верен (t=1/(x−2): t=7, t=−2); проверяющий +"
W024,6.2,1,2−√3; 2+√3 (подкоренное в ответе перекрыто красным),2-√3; 2+√3,1,ok,по решению (x−2)²=3 ⇒ x=2±√3 = ключ
W024,6.4,1,4+√7; 4−√7,4-√7; 4+√7,1,ok,совпадает с ключом
W024,6.6,1,3−√5; 3+√3 (второй корень в ответе читается как √3),3-√5; 3+√5,,ambiguous,"в ответе «−√5+3; √3+3», в решении (x−3)²=5, 5 местами похоже на 6; скорее описка/почерк, но при строгом чтении второй корень ≠ 3+√5; проверяющий +"
W024,7.1,1,4; −5,-5; 4,1,ok,совпадает с ключом
W024,7.4,0,"−5; 3,5",-5; 3,0,ok,"(−2+8)/2=6/2=3, у ученика 7/2=3,5"
W024,8.1,1,"(1 1/3; 0), (1; −1)",(1; -1); (4/3; 0),1,ok,совпадает с ключом
W024,8.11,0,"(1; 8), (−1; 8)",(-1; 2); (1; 2),0,ok,4·1−y=2 ⇒ y=2; у ученика y=8
W024,9.1,,,,,na,метка пустая: задача не решена/не доведена
W044,15-Б1-1,1,37,37,1,ok,ответ на фото совпадает с ключом
W044,15-Б1-2,1,9,9,1,ok,ответ на фото совпадает с ключом
W044,15-Б1-3,1,76,76,1,ok,ответ на фото совпадает с ключом
W044,15-Б1-4,1,48,48,1,ok,ответ на фото совпадает с ключом
W044,15-Б1-5,0,62,28,0,ok,(180−124)/2=28; ученик 124:2=62
W044,15-Б1-6,1,56,56,1,ok,ответ на фото совпадает с ключом
W044,15-Б1-7,1,35,35,1,ok,ответ на фото совпадает с ключом
W044,15-Б1-8,1,27,27,1,ok,ответ на фото совпадает с ключом
W044,15-Б1-9,1,44,44,1,ok,ответ на фото совпадает с ключом
W044,15-Б1-10,1,231,231,1,ok,S=21·22/2=231 (записано «21·22=231»)
W044,15-Б1-11,1,20,20,1,ok,ответ на фото совпадает с ключом
W044,15-Б1-12,1,26,26,1,ok,ответ на фото совпадает с ключом
W044,15-Б1-13,1,21,21,1,ok,ответ на фото совпадает с ключом
W044,15-Б1-16,1,"20,5","20,5",1,ok,ответ на фото совпадает с ключом
W044,15-Б1-17,0,"0,9","0,6",0,ok,"9/15=18/30=90/150, итог записан 0,9; верно 0,6"
W044,15-Б1-18,1,"0,85","0,85",1,ok,ответ на фото совпадает с ключом
W044,15-Б1-19,1,2,2,1,ok,ответ на фото совпадает с ключом
W044,15-Б1-20,0,40,20,0,ok,32·5/8=20; у ученика 40
W044,15-Б1-21,0,2? (последняя цифра перекрыта красной 4),24,,ambiguous,исходная цифра ученика не видна под исправлением проверяющего на 24; метка 0 опирается только на исправление
W044,15-Б1-22,0,? (перекрыто красным 28),28,,ambiguous,ответ ученика под «28» проверяющего неразборчив; метка 0 опирается только на исправление
W044,15-Б2-1а,1,38,57,0,label_suspect,"у ученика «180−66=114:3=38»; по рисунку α+66+α=180 ⇒ α=57 (ключ верен); проверяющий поставил +, но 38≠57"
W044,15-Б2-1б,1,35,35,1,ok,180−110=70:2=35 = ключ
W044,15-Б2-2,1,58,58,1,ok,ответ на фото совпадает с ключом
W044,15-Б2-3,1,64,64,1,ok,ответ на фото совпадает с ключом
W044,15-Б2-4,,,,,na,метка пустая: задача не решена/не доведена
W044,15-Б2-5,1,"7,5","7,5",1,ok,ответ на фото совпадает с ключом
W044,15-Б2-6,1,131,131,1,ok,ответ на фото совпадает с ключом
W044,15-Б2-7,0,141,112,0,ok,∠3=180−29−39=112; у ученика 180−39=141
W044,15-Б2-8,0,"38,5; 25,5 (итог не вычислен)",116,0,ok,"последние результаты 38,5 и 25,5; верно 180−38,5−25,5=116"
W044,15-Б2-9,1,20,20,1,ok,ответ на фото совпадает с ключом
W044,15-Б2-10,1,3,3,1,ok,ответ на фото совпадает с ключом
W044,15-Б2-11,1,15,15,1,ok,ответ на фото совпадает с ключом
W044,15-Б2-12,1,18,18,1,ok,ответ на фото совпадает с ключом
W044,15-Б2-13,1,240,240,1,ok,ответ на фото совпадает с ключом
W044,15-Б2-14,1,6,6,1,ok,ответ на фото совпадает с ключом
W044,15-Б2-15,1,72,72,1,ok,ответ на фото совпадает с ключом
W044,15-Б2-17,1,54,54,1,ok,ответ на фото совпадает с ключом
W044,15-Б2-18,1,84,84,1,ok,ответ на фото совпадает с ключом
W044,15-Б2-19,1,"4,8","4,8",1,ok,"h=24/5=4,8"
W044,15-Б2-20,1,24,24,1,ok,ответ на фото совпадает с ключом
W044,15-Б2-21,0,42,1680,0,ok,найдена высота 42 вместо площади ½·80·42=1680
W044,15-Б2-22,1,120,120,1,ok,ответ на фото совпадает с ключом
W044,15-Б2-25,1,70,70,1,ok,ответ на фото совпадает с ключом
W044,15-Б2-26,0,18,24,0,ok,AO=2/3·36=24; у ученика 36:2=18
W044,15-Б2-27,1,88,88,1,ok,ответ на фото совпадает с ключом
W044,18-Б1-1,1,5,5,1,ok,ответ на фото совпадает с ключом
W044,18-Б1-2,1,10,10,1,ok,ответ на фото совпадает с ключом
W044,18-Б1-3,1,"1,5","1,5",1,ok,ответ на фото совпадает с ключом
W044,18-Б1-4,1,3,3,1,ok,ответ на фото совпадает с ключом
W044,18-Б1-5.1,1,18,18,1,ok,ответ на фото совпадает с ключом
W044,18-Б1-5.2,1,16,16,1,ok,ответ на фото совпадает с ключом
W044,18-Б1-5.3,1,30,30,1,ok,ответ на фото совпадает с ключом
W044,18-Б1-5.4,0,12,24,0,ok,по рисунку диагонали 8 и 6 ⇒ 24; ученик 4·6/2=12
W044,18-Б1-6,1,5,5,1,ok,ответ на фото совпадает с ключом
W044,18-Б1-7,1,3,3,1,ok,ответ на фото совпадает с ключом
W044,18-Б1-8.1,0,2,"2,5",0,ok,"по рисунку AB — средняя линия, основание 5 клеток ⇒ 2,5; у ученика 4·0,5=2"
W044,18-Б1-8.2,1,4,4,1,ok,ответ на фото совпадает с ключом
W044,18-Б1-9,1,6,6,1,ok,ответ на фото совпадает с ключом
W044,18-Б1-10,1,"4,5","4,5",1,ok,ответ на фото совпадает с ключом
W044,18-Б2-1,1,6,6,1,ok,ответ на фото совпадает с ключом
W044,18-Б2-2,1,8,8,1,ok,ответ на фото совпадает с ключом
W044,18-Б2-3,,,,,na,метка пустая: задача не решена/не доведена
W044,18-Б2-4,1,17,17,1,ok,ответ на фото совпадает с ключом
W044,18-Б2-5,1,18,18,1,ok,ответ на фото совпадает с ключом
W044,18-Б2-6,1,"67,5","67,5",1,ok,ответ на фото совпадает с ключом
W044,18-Б2-7,1,"1,25","1,25",1,ok,ответ на фото совпадает с ключом
W044,18-Б2-8,1,"1,2","1,2",1,ok,ответ на фото совпадает с ключом
W044,18-Б2-9,,,,,na,метка пустая: задача не решена/не доведена
W044,17-Б1-1,1,128,128,1,ok,ответ на фото совпадает с ключом
W044,17-Б1-2,1,65,65,1,ok,ответ на фото совпадает с ключом
W044,17-Б1-3,1,58,58,1,ok,ответ на фото совпадает с ключом
W044,17-Б1-4,1,8,8,1,ok,ответ на фото совпадает с ключом
W044,17-Б1-5,1,112,112,1,ok,ответ на фото совпадает с ключом
W044,17-Б1-6,1,28,28,1,ok,ответ на фото совпадает с ключом
W044,17-Б1-7,1,34,34,1,ok,ответ на фото совпадает с ключом
W044,17-Б1-8,1,16,16,1,ok,ответ на фото совпадает с ключом
W044,17-Б1-9,1,6,6,1,ok,ответ на фото совпадает с ключом
W044,17-Б1-11,1,28,28,1,ok,ответ на фото совпадает с ключом
W044,17-Б1-12,0,94,86,0,ok,180−43−43=94 — тупой угол; нужен острый 86
W044,17-Б1-13,1,60,60,1,ok,ответ на фото совпадает с ключом
W044,17-Б1-14,1,129,129,1,ok,ответ на фото совпадает с ключом
W044,17-Б1-15,1,51,51,1,ok,ответ на фото совпадает с ключом
W044,17-Б1-16,,,,,na,метка пустая: задача не решена/не доведена
W044,17-Б1-17,1,66,66,1,ok,ответ на фото совпадает с ключом
W044,17-Б1-18,0,4; 3 (последним записано h₂=3),4,0,ok,"найдены обе высоты 4 и 3, большая не выписана; последний результат 3 ≠ 4"
W044,17-Б1-19,1,105,105,1,ok,ответ на фото совпадает с ключом
W044,17-Б1-20,1,24,24,1,ok,ответ на фото совпадает с ключом
W044,17-Б1-22,0,13 (читается как 13/14),26,0,ok,13√2/√2 ≠ диагональ; верно 13√2·√2=26
W044,17-Б1-24,1,13,13,1,ok,ответ на фото совпадает с ключом
W044,17-Б2-1,1,94,94,1,ok,ответ на фото совпадает с ключом
W044,17-Б2-3,0,"∠B=105, затем 180−105=75",105,,ambiguous,"ученик явно подписал «∠B=25+80=105» (=ключ), ниже доп. строка 180−105=75 без подписи; проверяющий обвёл 105 и поставил +; по правилу «последний результат» это 75 ⇒ метка 0 допустима"
W044,17-Б2-4,0,115,65,0,ok,единственная строка 180−65=115; ∠ADC=65; проверяющий обвёл 65 и поставил +
W044,17-Б2-5,1,60,60,1,ok,ответ на фото совпадает с ключом
W044,17-Б2-6,1,125,125,1,ok,ответ на фото совпадает с ключом
W044,17-Б2-7,0,26,70,0,ok,∠ABD=180−68−42=70; у ученика 26
W047,1,1,132,132,1,ok,ответ на фото совпадает с ключом
W047,2,1,"15,4","15,4",1,ok,ответ на фото совпадает с ключом
W047,3,1,21100,21100,1,ok,ответ на фото совпадает с ключом
W047,4,0,19250,15750,0,ok,"17500·0,9=15750; у ученика 19250"
W047,5,1,51,51,1,ok,ответ на фото совпадает с ключом
W047,6,0,"0,35","-0,55",0,ok,"1/5−3/4=−0,55"
W047,7,1,2,2,1,ok,ответ на фото совпадает с ключом
W047,8,1,"0,02","0,02",1,ok,ответ на фото совпадает с ключом
W047,9,0,"6,2","-6,2",0,ok,"x+5=−1,2 ⇒ x=−6,2; у ученика 6,2 без минуса (проверяющий ошибочно +)"
W047,10,1,"0,3","0,3",1,ok,ответ на фото совпадает с ключом
W047,11,1,132,132,1,ok,ответ на фото совпадает с ключом
W047,12,1,260,260,1,ok,ответ на фото совпадает с ключом
W047,13,1,2,2,1,ok,ответ на фото совпадает с ключом
W047,14,1,"-53,7","-53,7",1,ok,ответ на фото совпадает с ключом
W047,15,0,89,114,0,ok,180−66=114
W047,16,,,,,na,метка пустая: задача не решена/не доведена
W047,17,1,6400,6400,1,ok,ответ на фото совпадает с ключом
W047,18,1,28,28,1,ok,ответ на фото совпадает с ключом
W047,19,1,1,1,1,ok,ответ на фото совпадает с ключом
W047,23,1,16,16,1,ok,ответ на фото совпадает с ключом
W047,24,0,доказательство без обоснования равнобедренности,—,,ok,"метка 0: на фото «△ABK — равнобедренный» без обоснования (проверяющий «неочев.», ±) — недочёт реально есть"
W057,1б,1,"график y=−2x²−4x+4, вершина (−1; 6)",—,,na,"построение, ключ «—»; вершина и таблица верны"
W057,2а,1,"график y=x²−4x+5, вершина (2; 1)",—,,na,"построение, ключ «—»; вершина и таблица верны"
W057,2б,0,вершина y₀=29 (без квадрата),—,,ok,"метка 0: y₀=−3·3,5²+21·3,5−34=2,75, ученик не возвёл 3,5 в квадрат — ошибка на фото есть"
W057,Б1-1,0,132,312,0,ok,"по черновику и странице ответов 132; верно А–3 (y=x+2), Б–1 (y=2x), В–2 ⇒ 312"
W057,Б1-2,1,321,321,1,ok,совпадает с ключом (проверяющий ошибочно зачеркнул)
W057,Б1-3,1,231,231,1,ok,ответ на фото совпадает с ключом
W057,Б1-4,1,213,213,1,ok,ответ на фото совпадает с ключом
W057,Б1-5,1,"312 (под штриховкой, в черновике 3 1 2)",312,1,ok,совпадает с ключом; цифры частично перекрыты красным
W057,Б1-6,1,321,321,1,ok,совпадает с ключом
W057,Б1-7,1,132,132,1,ok,ответ на фото совпадает с ключом
W057,Б2-1,1,"123 (видно «12…», в черновике 1 2 3)",123,1,ok,совпадает с ключом; проверяющий принял за Б1-1
W058,1,1,(1/8; 1/2) ∪ (8; 32),(1/8; 1/2) ∪ (8; 32),1,ok,t∈(−3;−1)∪(3;5) — совпадает
W058,2,0,(0; 1/81) ∪ (1; +∞),(1/81; 1),0,ok,числитель −t²−3t−11<0 ⇒ t(t+4)<0 ⇒ x∈(1/81;1)
W058,3,1,"(0; 1) ∪ (64; +∞), {8}",(0; 1) ∪ {8} ∪ (64; +∞),1,ok,(t−1)²/(t(t−2))≥0 — совпадает с ключом
W058,4,,,,,na,метка пустая: задача не решена/не доведена
W006,25.1а,0,x = 5π/4 + 2πn; x = 7π/4 + 2πn,"x = πk; x = -π/4 + 2πk; x = -3π/4 + 2πk, k∈Z",0,ok,"Серии 5π/4 и 7π/4 = −3π/4, −π/4; потеряна серия πk (sin²x=0) — ответ неполный, метка 0 верна; красный + проверяющего ошибочен"
W006,26.4а,0,x = 3π/4 + 2πn; x = 5π/4 + 2πn,"x = π/2 + 2πk; x = ±3π/4 + 2πk, k∈Z",0,ok,"±3π/4 есть, серия π/2+2πk потеряна (проверяющий: «Не учтено»); метка 0 верна"
W006,29.1а,,нет ответа (2t³ − 2t + √2t² = √2),,,na,Не дорешано
W006,30.2а,,нет ответа,,,na,Записано только условие
W011,1.1,1,-3,-3,1,ok,"Ответ = ключ, метка 1"
W011,1.2,1,-5,-5,1,ok,"Ответ = ключ, метка 1"
W011,1.3,1,-6,-6,1,ok,"Ответ = ключ, метка 1"
W011,1.4,1,-10,-10,1,ok,"Ответ = ключ, метка 1"
W011,1.5,1,-6,-6,1,ok,"Ответ = ключ, метка 1"
W011,1.6,1,-4,-4,1,ok,"Ответ = ключ, метка 1"
W011,1.7,1,0,0,1,ok,"Ответ = ключ, метка 1"
W011,1.8,1,0,0,1,ok,"Ответ = ключ, метка 1"
W011,1.9,1,-6,-6,1,ok,"Ответ = ключ, метка 1"
W011,1.10,1,-2,-2,1,ok,"Ответ = ключ, метка 1"
W011,1.11,1,-8,-8,1,ok,"Ответ = ключ, метка 1"
W011,1.12,1,-5,-5,1,ok,"Ответ = ключ, метка 1"
W011,2.1,1,10,10,1,ok,"Ответ = ключ, метка 1"
W011,2.2,1,4,4,1,ok,"Ответ = ключ, метка 1"
W011,2.3,1,3,3,1,ok,"Ответ = ключ, метка 1"
W011,2.4,1,6,6,1,ok,"Ответ = ключ, метка 1"
W011,2.5,1,7,7,1,ok,"Ответ = ключ, метка 1"
W011,2.6,1,9,9,1,ok,"Ответ = ключ, метка 1"
W011,3.1,1,3,3,1,ok,"Ответ = ключ, метка 1"
W011,3.2,1,48,48,1,ok,"Ответ = ключ, метка 1"
W011,3.3,1,44,44,1,ok,"Ответ = ключ, метка 1"
W011,3.4,,нет ответа,,,na,Не решено (опечатка в переписанном условии)
W011,3.5,1,243,243,1,ok,"Ответ = ключ, метка 1"
W011,3.6,1,-7,-7,1,ok,"Ответ = ключ, метка 1"
W011,3.7,1,9,9,1,ok,"Ответ = ключ, метка 1"
W011,3.8,1,13,13,1,ok,"Ответ = ключ, метка 1"
W011,4.1,1,3,3,1,ok,"Ответ = ключ, метка 1"
W011,4.2,1,19,19,1,ok,"Ответ = ключ, метка 1"
W011,4.3,1,11,11,1,ok,"Ответ = ключ, метка 1"
W011,4.4,0,5,5,1,ok,"Ответ 5 = ключ; метка 0 за реальную ошибку: 42x−3x²=0 → записано 14x−3x²=0, x=14/3 вместо 14 (на ответ не повлияло)"
W011,4.5,1,-117,-117,1,ok,"Ответ = ключ, метка 1"
W011,4.6,1,-1005,-1005,1,ok,"Ответ = ключ, метка 1"
W011,4.7,0,18,17,0,ok,"y(−1)=17, у ученика 18; метка 0 верна"
W011,4.8,1,-8,-8,1,ok,"Ответ = ключ, метка 1"
W011,5.1,1,144,144,1,ok,"Ответ = ключ, метка 1"
W011,5.2,1,196,196,1,ok,"Ответ = ключ, метка 1"
W011,6.1,1,36,36,1,ok,"Ответ = ключ, метка 1"
W011,6.2,1,81,81,1,ok,"Ответ = ключ, метка 1"
W011,7.1,1,37,37,1,ok,"Ответ = ключ, метка 1"
W011,7.2,1,22,22,1,ok,"Ответ = ключ, метка 1"
W011,7.3,1,13,13,1,ok,"Ответ = ключ, метка 1"
W011,7.4,1,15,15,1,ok,"Ответ = ключ, метка 1"
W011,8.1,1,-29,-29,1,ok,"Ответ = ключ, метка 1"
W011,8.2,0,43,-77,0,ok,"6·36=216, а не 96; верно −77; метка 0 верна"
W011,8.3,0,-205,-85,0,ok,"36√36=216, а не 96; верно −85; метка 0 верна"
W011,8.4,1,-8,-8,1,ok,"Ответ = ключ, метка 1"
W011,9.1,1,-2,-2,1,ok,"Ответ = ключ, метка 1"
W011,9.2,1,4,4,1,ok,"Ответ = ключ, метка 1"
W011,9.3,1,-8,-8,1,ok,"Ответ = ключ, метка 1"
W011,9.4,1,-8,-8,1,ok,"Ответ = ключ, метка 1"
W011,10.1,1,1,1,1,ok,"Ответ = ключ, метка 1"
W011,10.2,1,-3,-3,1,ok,"Ответ = ключ, метка 1"
W011,10.3,1,10,10,1,ok,"Ответ = ключ, метка 1"
W011,10.4,1,-3,-3,1,ok,"Ответ = ключ, метка 1"
W011,11.1,0,4,-2,0,ok,Ошибка в знаке при раскрытии скобок; верно −2; метка 0 верна
W011,11.2,0,3,-1,0,ok,Та же ошибка; верно −1; метка 0 верна
W011,11.3,1,3,3,1,ok,"Ответ = ключ, метка 1"
W011,11.4,1,8,8,1,ok,"Ответ = ключ, метка 1"
W011,12.1,1,-6,-6,1,ok,"Ответ = ключ, метка 1"
W011,12.2,1,-17,-17,1,ok,"Ответ = ключ, метка 1"
W011,12.3,0,-8,8,0,ok,Ошибка в знаке; верно 8; метка 0 верна
W011,12.4,0,-4,4,0,ok,Ошибка в знаке; верно 4; метка 0 верна
W011,13.1,1,-3,-3,1,ok,"Ответ = ключ, метка 1"
W011,13.3,1,9,9,1,ok,"Ответ = ключ, метка 1"
W011,14.1,0,0,9,0,ok,"0 — точка максимума (проверяющий подписал max), минимум 9; метка 0 верна"
W011,14.3,1,4,4,1,ok,"Ответ = ключ, метка 1"
W011,15.1,1,1,1,1,ok,"Ответ = ключ, метка 1"
W011,15.3,,нет ответа,,,na,"Начато и зачёркнуто, «?»"
W011,16.1,0,"нет ответа (D = −104 < 0, «?»)",10,0,ok,Ответа нет из-за 6·7=56; верно 10; метка 0 верна
W011,16.3,1,4,4,1,ok,"Ответ = ключ, метка 1"
W011,17.1,1,3,3,1,ok,"Ответ = ключ, метка 1"
W011,17.3,0,-53,1,0,ok,"1−(x−27) раскрыто неверно, x=−26 вне отрезка; верно 1; метка 0 верна"
W011,18.1,1,-21,-21,1,ok,"Ответ = ключ, метка 1"
W011,18.3,1,-24,-24,1,ok,"Ответ = ключ, метка 1"
W011,19.1,1,-35,-35,1,ok,"Ответ = ключ, метка 1"
W011,19.3,1,"-0,5","-0,5",1,ok,"Ответ = ключ, метка 1"
W011,20.1,0,0,1,0,ok,Плюс вместо минуса в (u/v)′; верно 1; метка 0 верна
W011,21,,нет ответа («?»),,,na,Не решено
W011,22,,нет ответа («?»),,,na,Не решено
W011,23,,нет ответа («?»),,,na,Не решено
W012,1,0,"17,5",10,0,ok,Верно 55−45=10; метка 0 верна
W012,2,1,5,5,1,ok,"Ответ = ключ, метка 1"
W012,3,,нет ответа,,,na,Решения нет
W012,4,1,"0,2","0,2",1,ok,"Ответ = ключ, метка 1"
W012,5,1,"0,53","0,53",1,ok,"Ответ = ключ, метка 1"
W012,6,1,9,9,1,ok,"Ответ = ключ, метка 1"
W012,7,1,2,2,1,ok,"Ответ = ключ, метка 1"
W012,8,0,-5,"-0,2",0,ok,"Перевёрнуто отношение Δx/Δy; верно −0,2; метка 0 верна"
W012,9,1,5000,5000,1,ok,"Ответ = ключ, метка 1"
W012,10,1,13,13,1,ok,"Ответ = ключ, метка 1"
W012,11,1,"-0,2","-0,2",1,ok,"Ответ = ключ, метка 1"
W012,12,0,0,16,0,ok,"0 — точка максимума, минимум 16; метка 0 верна; + проверяющего ошибочен"
W012,13а,0,нет ответа (4t² + √8 + 12 + 4 = 0),"x = -π/4 + 2πk; x = -3π/4 + 2πk; x = -π/3 + 2πk; x = -2π/3 + 2πk, k∈Z",0,ok,"Не доведено, ошибки при переносе √6 и потеря t реальны; метка 0 верна. Ключ low: по печатному «12 sin x» ответ неэлементарный, ключ построен для «√12 sin x» (корни sin x=−√2/2, −√3/2) — на вердикт не влияет"
W012,13б,,нет ответа,,,na,Не решено
W012,15,0,(-∞; 1],(-∞; 1],1,ok,"Ответ = ключ, метка 0 за реальные ошибки хода: 3^{2x+1} вместо 3^{2x+2}, необоснованный переход к (t−3); проверяющий 0б"
W028,109,1,78,78,1,ok,"Ответ = ключ, метка 1"
W028,112,0,"140,4",135,0,ok,"Взято 0,78 вместо 0,75; верно 135; метка 0 верна"
W028,114,1,288,288,1,ok,"Ответ = ключ, метка 1"
W028,117,0,2178,72,0,ok,Перепутаны доли; верно 72; метка 0 верна
W028,120,,нет ответа,,,na,Не доведено
W028,121,1,13,13,1,ok,"Ответ = ключ, метка 1"
W028,124,0,10,20,0,ok,"Найдена скорость второго (10), спрашивали первого: 20; метка 0 верна"
W028,126,0,20,20,1,ok,"Ответ 20 = ключ, но получен ошибочно: (6+34)/2=20 — деление на 2 вместо 2a=−2 (верно x=14 — второй, +6=20), шаг +6 не сделан; две ошибки компенсировались, метка 0 допустима"
W028,127,0,23,13,0,ok,В ответе синяя «2» под красной «1» — у ученика 23 при x=13; также 3x²−3x вместо 3x²−9x; метка 0 верна
W028,129,1,26,26,1,ok,"Ответ = ключ, метка 1"
W028,132,0,20,14,0,ok,Найден x=20 (ошибка деления на 2 вместо −2); верно 14; метка 0 верна
W029,97,1,87,87,1,ok,"Ответ = ключ, метка 1"
W029,121,1,13,13,1,ok,"Ответ = ключ, метка 1"
W029,127,1,13,13,1,ok,"Ответ = ключ, метка 1"
W031,Б1-1,1,37,37,1,ok,"Ответ = ключ, метка 1"
W031,Б1-2,1,9,9,1,ok,"Ответ = ключ, метка 1"
W031,Б1-3,1,76,76,1,ok,"Ответ = ключ, метка 1"
W031,Б1-4,1,48,48,1,ok,"Ответ = ключ, метка 1"
W031,Б1-5,1,28,28,1,ok,"Ответ = ключ, метка 1"
W031,Б1-6,1,56,56,1,ok,"Ответ = ключ, метка 1"
W031,Б1-7,1,35,35,1,ok,"Ответ = ключ, метка 1"
W031,Б1-8,1,27,27,1,ok,"Ответ = ключ, метка 1"
W031,Б1-9,1,44,44,1,ok,"Ответ = ключ, метка 1"
W031,Б1-10,1,231,231,1,ok,"Ответ = ключ, метка 1"
W031,Б1-11,1,20,20,1,ok,"Ответ = ключ, метка 1"
W031,Б1-12,1,26,26,1,ok,"Ответ = ключ, метка 1"
W031,Б1-13,1,21,21,1,ok,"Ответ = ключ, метка 1"
W031,Б1-16,0,41,"20,5",0,ok,"Найдена гипотенуза 41, R=20,5; метка 0 верна"
W031,Б1-17,1,"0,6","0,6",1,ok,"Ответ = ключ, метка 1"
W031,Б1-18,1,"0,85","0,85",1,ok,"Ответ = ключ, метка 1"
W031,Б1-19,0,"0,5",2,0,ok,Перевёрнуто AC/BC; верно 2; метка 0 верна
W031,Б1-20,1,20,20,1,ok,"Ответ = ключ, метка 1"
W031,Б1-21,1,24,24,1,ok,"Ответ = ключ, метка 1"
W031,Б1-22,1,28,28,1,ok,"Ответ = ключ, метка 1"
W031,Б2-1а,0,38,57,0,ok,"По рисунку α+66+α=180 (верхняя полуплоскость, 66 — вертикальный), α=57; у ученика (180−66):3=38; метка 0 верна"
W031,Б2-1б,1,35,35,1,ok,"110+2α=180, α=35 — перепроверено по рисунку PDF, ключ medium подтверждён"
W031,Б2-2,1,58,58,1,ok,"Ответ = ключ, метка 1"
W031,Б2-3,1,64,64,1,ok,"Ответ = ключ, метка 1"
W031,Б2-26,0,18,24,0,ok,"AO=2/3·36=24, у ученика 36:2=18; метка 0 верна"
W031,Б2-27,1,88,88,1,ok,"Ответ = ключ, метка 1"
W033,1,1,"[-2,3; log₅6) ∪ [2,5; +∞)","[-2,3; log₅6) ∪ [2,5; +∞)",1,ok,"Ответ = ключ, метка 1; проверяющий дал 0б за необоснованные переходы — это оценка оформления, не ответа"
W033,2,1,[-9; 1 + log₉2),[-9; 1 + log₉2),1,ok,"Итоговое решение на стр. 3, ответ = ключ; проверяющий 2б"
W033,3,1,[1/⁵√5; 25],[1/⁵√5; 25],1,ok,Ответ = ключ; проверяющий 2б
W033,4,,нет ответа,,,na,Не доведено
W033,5,,нет ответа,,,na,Не доведено
W033,6,,нет ответа,,,na,Не доведено
W035,7.5,1,-3; 2,-3; 2,1,ok,"Ответ = ключ, метка 1"
W035,7.6,1,-4; 1,-4; 1,1,ok,"Ответ = ключ, метка 1"
W035,7.7,1,-4; 2,-4; 2,1,ok,"Ответ = ключ, метка 1"
W035,8.8,0,"-2; 1,25","(1,25; 0); (2; 6)",0,ok,"Ошибка знака y=10−8x, и нет y; верно (2;6),(1,25;0); метка 0 верна"
W035,8.12,0,(1; 7); (-1; 17),(-1; 7); (1; 7),0,ok,При x=−1 подставлено −5x; верно (±1;7); метка 0 верна
W035,9.4,1,(3; 4); (3; -4),(3; -4); (3; 4),1,ok,"Повторное решение на markup_6, ответ = ключ"
W035,9.8,0,3,(3; -3); (3; 3),0,ok,"Только x=3, y не найден; метка 0 верна; + проверяющего с оговоркой"
W035,9.12,1,(3; 7),(3; 7),1,ok,(4;5) исключено по ОДЗ; ответ = ключ
W001,В1-1.1,1,3,3,1,ok,
W001,В1-1.2,1,1,1,1,ok,
W001,В1-2.1,0,(2/3; 2),[2/3; 2),0,ok,скобка у 2/3 должна быть [; проверяющий исправил
W001,В1-2.2,1,(-∞; -5),(-∞; -5),1,ok,
W001,В1-2.3,1,"[-∞; 0,8]","(-∞; 0,8]",1,ok,"квадратная скобка у −∞ — мелочь записи; по сути (−∞; 0,8]"
W001,В1-3.1,1,1; 10,1; 10,1,ok,
W001,В1-3.2,,,,,na,не решено / нет метки
W001,В1-4,0,(-1; +∞),(-1; +∞),1,ok,"ответ совпал, но в ходе ошибка со знаком (x²+4x+3<0 вместо >0) реально есть — метка 0 обоснована"
W001,В2-1.1,1,2,2,1,ok,
W001,В2-1.2,1,5,5,1,ok,
W001,В2-2.1,0,"[-2; 1,5)","[-23; 1,5]",0,ok,"49 не взято, граница 1,5 не включена; верно [−23; 1,5]"
W001,В2-2.2,0,(-∞; 1),(-∞; 1],0,ok,"условие √(6−6x) > −6, верно (−∞; 1]"
W001,В2-2.3,1,"(-∞; -5,5)","(-∞; -5,5)",1,ok,
W001,В2-3.1,1,-5; 1,-5; 1,1,ok,
W001,В2-3.2,,,,,na,не решено / нет метки
W001,В2-4,0,(1; 26],(1; 26],1,ok,"ответ совпал, но на фото x²+9x−10<0 вместо >0 — ошибка в ходе реально есть"
W008,14.6а,1,доказательство,—,,na,доказательство; ход верный
W008,14.6б,1,√3,√3,1,ok,"перерешано: x²=4/3, S осн=16/√3, h=√3"
W008,14.3а,1,доказательство,—,,na,доказательство
W008,14.3б,1,2√11,2√11,1,ok,"перерешано: MH=√3, √(4x²+4)=√48, h=2√11"
W009,Б1-1,1,17,17,1,ok,
W009,Б1-2,1,13,13,1,ok,
W009,Б1-3,1,29,29,1,ok,
W009,Б1-4,1,25,25,1,ok,
W009,Б1-5,1,8,8,1,ok,
W009,Б1-6,1,11,11,1,ok,
W009,Б1-7,1,"7,5","7,5",1,ok,
W009,Б1-8,1,"10,5","10,5",1,ok,
W009,Б1-9,1,82,82,1,ok,
W009,Б1-10,1,86,86,1,ok,
W009,Б1-11,1,62,62,1,ok,
W009,Б1-12,1,63,63,1,ok,
W009,Б1-13А,1,1,1,1,ok,
W009,Б1-13Б,0,10,2,0,ok,b(2;1) вместо (2;−1); проверяющий исправил на 2
W009,Б1-14А,1,41,41,1,ok,
W009,Б1-14Б,1,71,71,1,ok,
W009,Б2-1,1,10,10,1,ok,
W009,Б2-2,1,13,13,1,ok,
W009,Б2-3,1,15,15,1,ok,
W009,Б2-4,1,17,17,1,ok,
W009,Б2-5,1,"2,9","2,9",1,ok,
W009,Б2-6,1,"2,6","2,6",1,ok,
W009,Б2-7,1,25,25,1,ok,
W009,Б2-8,1,25,25,1,ok,
W009,Б2-9,1,13,13,1,ok,
W009,Б2-10,0,21,11,0,ok,"1−6+16=11, у ученика −21"
W009,Б2-11,0,5,13,0,ok,"по рисунку a(−1;−2), b(6;−1), c(−7;2) → (12;−5), 13"
W009,Б2-12,0,15,15,1,ok,"ответ верный, но все векторы взяты с обратным знаком (проверено по рисунку: a(−3;5), b(−2;−4), c(−8;3)) — ошибка в ходе реальна"
W009,Б2-13,,,,,na,не решено / нет метки
W009,Б2-14,,,,,na,не решено / нет метки
W009,Б2-15,,,,,na,не решено / нет метки
W009,Б2-17,1,21,21,1,ok,
W009,Б2-18,1,18,18,1,ok,
W009,Б2-19,1,-20,-20,1,ok,
W009,Б2-20,1,2,2,1,ok,
W009,Б2-21,1,59,59,1,ok,
W009,Б2-22,1,52,52,1,ok,
W009,Б2-23,1,26,26,1,ok,
W009,Б2-24,1,70,70,1,ok,
W009,Б2-25,0,34,-18,0,ok,перепроверено по рисунку: (6;6)·(−5;2) = −18
W009,Б2-26,0,20,-15,0,ok,"перепроверено: a(0;5), b+c=(−4;−3), −15"
W009,Б2-27,0,8,8,1,ok,"ответ верный; по рисунку a(−3;1), b(−4;−8), у ученика a(3;−1), b(4;8) — ошибка в ходе реальна (на ответ не влияет)"
W009,Б2-28,0,-36,-42,0,ok,"по рисунку a(3;6), b(1;−4): a·2b = −42"
W009,Б2-29,1,3/5,"0,6",1,ok,
W009,Б2-30,0,4/3,"0,8",0,ok,"√3600=60, cos=0,8"
W009,Б2-31,0,-13/20,"-0,6",0,ok,"−26 вместо −24; верно −0,6"
W009,Б2-32,0,-4,"-0,8",0,ok,"проверяющий исправил на −0,8"
W009,Б2-33,,,,,na,не решено / нет метки
W009,Б2-34,0,3,1,0,ok,√(10+90) вместо √(10·90); верно 1
W009,Б2-35,,,,,na,не решено / нет метки
W009,Б2-36,,,,,na,не решено / нет метки
W014,1,0,10,6,0,ok,"(4t)'=4, x'(2)=6"
W014,2,1,2,2,1,ok,
W014,3,1,5,5,1,ok,
W014,4,1,8,8,1,ok,
W014,5,1,9,9,1,ok,
W014,6,1,18,18,1,ok,
W014,7.1,1,"0,4","0,4",1,ok,
W014,7.2,1,"-1,5","-1,5",1,ok,
W014,7.3,1,"-1,25","-1,25",1,ok,
W014,7.4,1,"0,25","0,25",1,ok,
W014,7.5,1,2,2,1,ok,
W014,7.6,,,,,na,не решено / нет метки
W014,7.7,,,,,na,не решено / нет метки
W014,7.8,0,"0,75","-0,75",0,ok,"минус на фото красный (проверяющего); по рисунку 8) касательная через (−5;5),(3;−1): −0,75"
W014,7.9,,,,,na,не решено / нет метки
W014,7.10,,,,,na,не решено / нет метки
W014,7.11,,,,,na,не решено / нет метки
W014,7.12,,,,,na,не решено / нет метки
W014,7.13,,,,,na,не решено / нет метки
W014,7.14,,,,,na,не решено / нет метки
W014,8,0,3,3,1,label_suspect,"Ответ ученика 3 верен. По рисунку (увеличено): максимум f'=3 при x=2, f' пересекает Ox при x=3 (пиксельно 3,0). Explanation ошибочно называет x=3 точкой максимума и нулём x=4. Ключ 3 верен"
W014,9,0,y = 3,5,0,ok,"по рисунку f'(x)=3 при x≈4,9 → 5"
W014,10а,,,,,na,не решено / нет метки
W014,10б,,,,,na,не решено / нет метки
W014,11,0,-1,2,0,ok,"ключ 2 подтверждён по рисунку (крутой подъём при x=2); в explanation ошибочно указана точка −2, но метка 0 верна"
W014,12,0,3,-1,0,ok,по рисунку наименьшая производная в −1
W014,13,0,2,-1,0,ok,по рисунку наибольшая в −1
W014,14,0,1,2,0,ok,"в 1 функция возрастает; наклон в 2 ≈ −1,5…−2, в 3 ≈ −0,7 → 2"
W014,15а,0,7 (y(1)=7),7,1,ok,"найдено y(1)=7, c явно не найдено; ответ совпал, т.к. f(1)=c — пробел в решении реален"
W026,4.4,0,-1; -1; 2,-2; -1; 3,0,ok,потерян −4; верно −2; −1; 3
W026,4.5,0,-3; -3; 1,-4; -3; 2,0,ok,потерян −5; верно −4; −3; 2
W026,4.13,1,-5,-5,1,ok,
W026,4.14,1,-7,-7,1,ok,"7 в ответе написана похоже на 4, но в системе x=−7 выписан тем же начертанием"
W026,5.3,1,1; -1/3,-1/3; 1,1,ok,
W026,5.5,1,"0,5; -1/5","-0,2; 0,5",1,ok,
W026,5.11,1,"2; 3,25","2; 3,25",1,ok,
W026,5.13,1,"1,5; 2 1/7","1,5; 15/7",1,ok,
W026,6.2,1,√3+2; -√3+2,2-√3; 2+√3,1,ok,
W026,6.4,1,√7+4; -√7+4,4-√7; 4+√7,1,ok,
W026,6.6,1,√5+3; -√5+3,3-√5; 3+√5,1,ok,
W026,7.1,1,-5; 4,-5; 4,1,ok,
W026,7.4,1,-5; 3,-5; 3,1,ok,
W026,8.1,,,,,na,не решено / нет метки
W034,1,,,,,na,не решено / нет метки
W034,2,1,(-∞; -1] ∪ [2; +∞),(-∞; -1] ∪ [2; +∞),1,ok,"перерешано: 50t²−133t+20≤0, t∈[0,16;2,5] → x≤−1 или x≥2"
W034,3,1,"(1,5; log₂3) ∪ [11/6; 4,5]","(1,5; log₂3) ∪ [11/6; 4,5]",1,ok,перерешано
W038,575,1,18; 32,18; 32,1,ok,
W038,576,,,,,na,не решено / нет метки
W038,577,0,2 см; 11 см,25/13; 144/13,0,ok,округлено; точно 25/13 и 144/13
W038,579,0,≈3 м,"3,15",0,ok,"1,7·6,3/3,4 = 3,15"
W038,580,0,≈7 м,"6,936",0,ok,"1,7·10,2/2,5 = 6,936"
W038,581,0,"6,6 м","6,12",0,ok,"AB=1,65−0,12=1,53; 1,53·4=6,12"
W048,1,1,>,((3√7−1)/7)^(−3/5) > ((3√7−1)/7)^(−2/5),1,ok,"основание ≈0,991<1, −3/5<−2/5 → первое больше"
W048,2а,1,2,2,1,ok,
W048,2б,1,0; 1,0; 1,1,ok,
W048,2в,,,,,na,не решено / нет метки
W048,3,0,b²/25,b²/25 + 2,0,ok,пропущено −2ab; верно b²/25+2
W048,4а,0,(-∞; 1) ∪ (2; 3),(-2; 1) ∪ (3; +∞),0,ok,перерешано: (x−1)(x+2)(x−3)>0 → (−2;1)∪(3;+∞)
W048,4б,,,,,na,не решено / нет метки
W051,1,0,8,16,0,ok,проверяющий исправил на 16
W051,9,1,28,28,1,ok,
W051,13,1,"29,5","29,5",1,ok,
W051,15,1,"56,5","56,5",1,ok,
W051,17,1,142,142,1,ok,
W051,21,1,72,72,1,ok,
W051,25,1,58,58,1,ok,
W051,27,1,19,19,1,ok,
W051,29,1,36,36,1,ok,
W051,31,1,56,56,1,ok,
W051,35,1,8,8,1,ok,
W051,39,1,6400,6400,1,ok,
W051,43,0,12,24,0,ok,верно 24
W051,47,1,19,19,1,ok,
W051,55,,,,,na,не решено / нет метки
W051,67,1,53,53,1,ok,
W051,69,0,36,21,0,ok,по условию №69: 70−49=21
W051,75,1,66,66,1,ok,
W051,79,0,8,20,0,ok,√(29²−21²)=20
W051,87,1,124,124,1,ok,
W051,95,1,114,114,1,ok,
W051,99,1,8,8,1,ok,
W051,103,0,44,44,1,ok,"ответ верный, но в ходе √(2a²)=2a и √3872:2=√1936 — две ошибки реально есть и компенсируют друг друга"
W051,107,1,4,4,1,ok,
W051,111,0,15,9,0,ok,R=3√3 → a=9
W010,Б1-1,1,17,17,1,ok,
W010,Б1-2,1,13,13,1,ok,
W010,Б1-3,1,29,29,1,ok,
W010,Б1-4,1,25,25,1,ok,
W010,Б1-5,1,8,8,1,ok,
W010,Б1-6,1,11,11,1,ok,
W010,Б1-7,1,"7,5","7,5",1,ok,
W010,Б1-8,1,"10,5","10,5",1,ok,
W010,Б1-9,1,82,82,1,ok,
W010,Б1-10,1,86,86,1,ok,
W010,Б1-11,1,62,62,1,ok,
W010,Б1-12,1,63,63,1,ok,
W010,Б1-13А,1,1,1,1,ok,
W010,Б1-13Б,1,2,2,1,ok,
W010,Б1-14А,0,31,41,0,ok,7·5+3·2=35+6 записано как 31; ключ 41
W010,Б1-14Б,0,87,71,0,ok,"8·7 записано как 72, ответ 87; ключ 71"
W010,Б2-1,1,10,10,1,ok,
W010,Б2-2,1,13,13,1,ok,
W010,Б2-3,1,15,15,1,ok,
W010,Б2-4,1,17,17,1,ok,
W010,Б2-5,1,"2,9","2,9",1,ok,
W010,Б2-6,1,"2,6","2,6",1,ok,
W010,Б2-7,1,25,25,1,ok,
W010,Б2-8,1,25,25,1,ok,
W010,Б2-9,1,13,13,1,ok,
W010,Б2-10,1,11,11,1,ok,
W010,Б2-11,1,13,13,1,ok,
W010,Б2-12,1,15,15,1,ok,
W010,Б2-13,1,51,51,1,ok,
W010,Б2-14,1,50,50,1,ok,
W010,Б2-15,1,"2,1","2,1",1,ok,
W010,Б2-16,0,"-3,1","3,1",0,ok,"вектор (−3,1;0) верен, длина записана −3,1; ключ 3,1"
W010,Б2-17,1,21,21,1,ok,
W010,Б2-18,1,18,18,1,ok,
W010,Б2-19,1,-20,-20,1,ok,
W010,Б2-20,1,2,2,1,ok,
W010,Б2-21,1,59,59,1,ok,
W010,Б2-22,1,52,52,1,ok,
W010,Б2-23,1,26,26,1,ok,
W010,Б2-24,0,84,70,0,ok,"6·7=42 записано как 56, ответ 84; ключ 70"
W010,Б2-25,0,-42,-18,0,ok,"a−b=(6;−6) вместо (6;6), ответ −42; ключ −18"
W010,Б2-26,1,-15,-15,1,ok,
W010,Б2-27,1,8,8,1,ok,
W010,Б2-28,0,-40,-42,0,ok,"6·(−8) как −46, ответ −40; ключ −42"
W010,Б2-29,1,"0,6","0,6",1,ok,
W010,Б2-30,1,"0,8","0,8",1,ok,
W010,Б2-31,1,"-0,6","-0,6",1,ok,
W010,Б2-32,1,"-0,8","-0,8",1,ok,
W010,Б2-33,1,0,0,1,ok,
W010,Б2-34,1,1,1,1,ok,
W010,Б2-35,1,"-0,28","-0,28",1,ok,
W010,Б2-36,1,"0,96","0,96",1,ok,
W013,1а,1,x=πn; 5π/4+2πn; 7π/4+2πn,"x = πk; x = -π/4 + 2πk; x = -3π/4 + 2πk, k∈Z",1,ok,"совпадает с ключом (7π/4 ≡ −π/4, 5π/4 ≡ −3π/4)"
W013,2а,1,x=πn; 3π/4+2πn; 5π/4+2πn,"x = πk; x = ±3π/4 + 2πk, k∈Z",1,ok,5π/4 ≡ −3π/4; совпадает с ключом
W013,3а,0,x=7π/6+2πn; 11π/6+2πn,"x = 2πk; x = -π/6 + 2πk; x = -5π/6 + 2πk, k∈Z",0,ok,серия x=2πn (cos x=1) потеряна; ключ содержит 2πk
W013,4а,1,x=π/12; 5π/12; 7π/12; 11π/12 +πn,"x = ±π/12 + πk/2, k∈Z",1,ok,= ±π/12+πk/2; совпадает с ключом
W032,Б1-1,1,37,37,1,ok,
W032,Б1-2,1,9,9,1,ok,
W032,Б1-3,1,76,76,1,ok,
W032,Б1-4,1,48,48,1,ok,
W032,Б1-5,1,28,28,1,ok,
W032,Б1-6,1,56,56,1,ok,
W032,Б1-7,1,35,35,1,ok,
W032,Б1-8,1,27,27,1,ok,
W032,Б1-9,1,44,44,1,ok,
W032,Б1-10,1,231,231,1,ok,
W032,Б1-11,1,20,20,1,ok,
W032,Б1-12,1,26,26,1,ok,
W032,Б1-13,1,21,21,1,ok,
W032,Б1-16,1,"20,5","20,5",1,ok,
W032,Б1-17,1,"0,6","0,6",1,ok,
W032,Б1-18,1,"0,85","0,85",1,ok,
W032,Б1-19,1,2,2,1,ok,
W032,Б1-20,1,20,20,1,ok,
W032,Б1-21,1,24,24,1,ok,
W032,Б1-22,1,28,28,1,ok,
W032,Б2-1а,1,38,57,0,label_suspect,"на фото «∠x=(180−66)/3=38°, Ответ: 38» с красным +; по рис.(а) верхняя полуплоскость: α+66+α=180 ⇒ α=57 (ключ верен); ответ 38≠57"
W032,Б2-1б,1,35,35,1,ok,
W032,Б2-2,1,58,58,1,ok,
W032,Б2-3,1,64,64,1,ok,
W032,Б2-4,1,14,14,1,ok,
W032,Б2-5,1,"7,5","7,5",1,ok,
W032,Б2-6,1,131,131,1,ok,
W032,Б2-7,1,112,112,1,ok,
W032,Б2-8,1,116,116,1,ok,
W032,Б2-9,,,,,na,"не доведено (только ∠ALB=34), метки нет"
W043,1,1,106,106,1,ok,
W043,2,1,98,98,1,ok,
W043,4,0,104,94,0,ok,180−86 записано как 104; ключ 94
W043,6,1,33,33,1,ok,
W043,8,1,32,32,1,ok,
W043,9,1,34,34,1,ok,
W043,10,1,26,26,1,ok,
W043,12,1,38,38,1,ok,
W043,13,1,55,55,1,ok,
W043,14,1,73,73,1,ok,
W043,16,1,59,59,1,ok,
W043,17,1,24,24,1,ok,
W043,18,1,28,28,1,ok,
W043,19,1,29,29,1,ok,
W043,21,0,5,31,0,ok,ответ 5; ключ 45−14=31
W043,22,0,45,11,0,ok,ответ 45; ключ 45−34=11
W043,23,0,46 (первая цифра перекрыта исправлением «3»),36,0,ok,90−54 записано как ~46 (не 36); ключ 36; метка 0 согласована
W043,24,0,20,22,0,ok,"45−23 переписано как 45−25=20, ответ 20; ключ 22"
W043,25,1,"33 (∠A=33, ∠C=57; «Ответ» не выписан)",33,1,ok,"меньший угол 33 найден (∠A=∠ABF=45−12=33), последним посчитан ∠C=57; по вопросу ответ 33 = ключ"
W043,26,1,26,26,1,ok,
W043,28,1,27,27,1,ok,
W043,29,1,78,78,1,ok,
W043,30,0,18,16,0,ok,90−(37+37) посчитано как 90−72=18; ключ 16
W043,31,0,44,34,0,ok,90−56 записано как 44; ключ 34
W043,34,,,,,na,"не дорешано, метки нет"
W050,1,1,132,132,1,ok,
W050,2,,,,,na,только номер
W050,3,1,21100,21100,1,ok,
W050,4,1,15750,15750,1,ok,
W050,5,,,,,na,только номер
W050,6,1,"-0,55","-0,55",1,ok,
W050,7,1,2,2,1,ok,
W050,8,1,"0,02","0,02",1,ok,
W050,9,1,"-6,2","-6,2",1,ok,
W050,10,1,"0,3","0,3",1,ok,
W050,11,0,231,132,0,ok,"ответ 231; ключ 132 (А:a>0,c<0→1; Б→3; В→2)"
W050,12,1,260,260,1,ok,
W050,13,1,2,2,1,ok,
W050,14,1,"-53,7","-53,7",1,ok,
W050,15,1,114,114,1,ok,
W050,17,0,"зачёркнуто, неразборчиво (похоже «12/72»)",6400,0,ok,ответ ≠ 6400 (сторона 80); метка 0 согласована
W050,18,1,28,28,1,ok,
W050,19,1,1,1,1,ok,
W050,20,1,2/3; 2,2/3; 2,1,ok,
W064,Б1-1,1,10,10,1,ok,
W064,Б1-5,1,16,16,1,ok,
W064,Б1-9,0,5,26,0,ok,"ответ 5 км; ключ 26 (x/28+0,6=(82−x)/10 ⇒ x=56, 82−56=26)"
W064,Б1-15,1,80,80,1,ok,
W064,Б1-21,1,14,14,1,ok,
W065,1,0,[5; 6],(5; 6],0,ok,5 не входит в ОДЗ; ключ (5;6]
W065,2,0,[3; +∞),"(-∞; -4) ∪ [-3,5; -3) ∪ (-3; -2) ∪ [-1; +∞)",0,ok,"(x+3)²>0 решено как x>3; ключ (−∞;−4)∪[−3,5;−3)∪(−3;−2)∪[−1;+∞)"
W065,3,1,"(−7; −6) ∪ [2; 2,5) ∪ (4; 4,5]","(-7; -6) ∪ [2; 2,5) ∪ (4; 4,5]",1,ok,
W066,В1-1,1,"0,8","0,8",1,ok,
W066,В1-2,1,"0,7","0,7",1,ok,
W066,В1-3,1,"0,2","0,2",1,ok,
W066,В1-4,1,6,6,1,ok,
W066,В1-5,1,9,9,1,ok,
W066,В1-6,1,"0,4","0,4",1,ok,
W066,В2-1,1,"0,3","0,3",1,ok,
W066,В2-2,1,"0,45","0,45",1,ok,
W066,В2-3,1,3,3,1,ok,
W066,В2-4,1,25,25,1,ok,
W066,В2-5,1,21,21,1,ok,
W066,В2-6,1,"0,1","0,1",1,ok,
W070,1.4,1,4,4,1,ok,
W070,1.7,1,9,9,1,ok,
W070,1.8,1,10,10,1,ok,
W070,2.3,1,-3; -2; 3,-3; -2; 3,1,ok,
W070,2.4,1,-5; -1; 1,-5; -1; 1,1,ok,
W070,2.12,1,-6; -3; 3,-6; -3; 3,1,ok,
W070,2.13,1,-4; -3; 4,-4; -3; 4,1,ok,
W070,3.5,1,-1,-1,1,ok,
W070,3.6,1,-1,-1,1,ok,
W004,1,1,(−∞; 1 3/5),"(-∞; 1,6)",1,ok,"1 3/5 = 1,6"
W004,2,,не дорешано (−3 ≤ …),,,na,метка пустая
W004,3,0,(−1/2; 1 1/3),"(-0,5; 4/3]",0,ok,"скобка у 4/3 круглая, нужна квадратная"
W004,4,0,"5 < 2x+y < 6,3","(6; 6,3)",0,ok,"3,6+2,4=6, у ученика 5 (проверяющий исправил на 6)"
W004,5,0,[1; +∞],"(0,6; +∞)",0,ok,"верно x>0,6"
W004,6,,не решено,,,na,метка пустая
W004,7,0,"[4,5; 10)",5; 6; 7; 8; 9,0,ok,"нужны целые 5..9; ключ перепроверен: x≥4,5 и x<10"
W017,1,0,12 км/ч,25,0,ok,108/(x+5)+108/(x−5)=9 ⇒ x²−24x−25=0 ⇒ 25
W017,3,0,1 км/ч,15,0,ok,"x²−14x−15=0 ⇒ 15; ученик отбросил 15, взял 1"
W017,4,1,14 км/ч,14,1,ok,
W017,6,1,18 км/ч,18,1,ok,x²+16x−612=0 ⇒ 18
W037,575,1,18 мм; 32 мм,18; 32,1,ok,
W037,576,1,61,61,1,ok,
W037,577,1,25/13; 144/13,25/13; 144/13,1,ok,
W037,579,1,"3,15 м","3,15",1,ok,"1,7·6,3/3,4=3,15"
W037,580,1,"6,936 м (обведено «6,9Х36», в столбике 6,936)","6,936",1,ok,"10,2·0,68=6,936; в обведённой записи лишний/исправленный знак"
W037,581,0,66 м,"6,12",0,ok,"верно 153·480/120=612 см=6,12 м"
W045,15-Б1-1,1,37,37,1,ok,
W045,15-Б1-3,1,76,76,1,ok,
W045,15-Б1-9,1,44,44,1,ok,
W045,15-Б1-11,1,20,20,1,ok,
W045,15-Б1-12,1,26,26,1,ok,
W045,15-Б1-17,1,"0,6","0,6",1,ok,
W045,15-Б2-1а,1,38 ((180−66)/3),57,0,label_suspect,"по рис.(а): ∠α=∠(справа), 66=φ−θ, α=180−φ=θ ⇒ α=57; у ученика 114/3=38 (для (б) было бы 35), проверяющий поставил + ошибочно"
W045,15-Б2-4,1,14,14,1,ok,
W045,15-Б2-7,1,112,112,1,ok,
W045,15-Б2-8,1,116,116,1,ok,
W045,15-Б2-13,1,240,240,1,ok,
W045,15-Б2-25,1,70,70,1,ok,
W045,15-Б2-46,,только номер,,,na,метка пустая
W045,18-Б1-1,1,5,5,1,ok,
W045,18-Б1-2,1,10,10,1,ok,
W045,18-Б1-3,,зачёркнуто,,,na,метка пустая
W045,18-Б1-5.1,1,18,18,1,ok,
W045,18-Б1-6,1,5,5,1,ok,
W045,18-Б1-7,1,3,3,1,ok,
W045,18-Б1-8.1,1,"2,5","2,5",1,ok,
W045,18-Б1-9,1,6,6,1,ok,
W045,18-Б2-1,1,6,6,1,ok,
W045,18-Б2-4,1,17,17,1,ok,
W045,18-Б2-6,1,"67,5","67,5",1,ok,
W045,18-Б2-7,1,"1,25","1,25",1,ok,
W055,2,1,50,50,1,ok,
W055,5,0,80,76,0,ok,данные переписаны неверно (KC=20 вместо 18); верно 76
W055,8,1,60; 120,60; 120,1,ok,
W055,10,1,60; 120,60; 120,1,ok,
W055,12,1,60; 120,60; 120,1,ok,
W055,13,1,8,8,1,ok,
W055,16,1,6,6,1,ok,
W055,19,1,5,5,1,ok,
W055,21,1,13,13,1,ok,
W055,22,1,25,25,1,ok,
W055,24,1,"14,4","14,4",1,ok,
W055,26,1,"16,8","16,8",1,ok,
W055,27,1,120/13,120/13,1,ok,
W055,30,0,12,"33,6",0,ok,"CB=120, h=35·120/125=33,6"
W055,32,0,230/26,240/13,0,ok,"CB=48, h=960/52=240/13"
W055,33,1,26,26,1,ok,
W055,37,1,40,40,1,ok,
W055,38,1,25,25,1,ok,
W055,45,1,28,28,1,ok,
W056,Б1-1,1,△AOD=△COB,—,,ok,доказательство; найденная пара совпадает с ожидаемой в key_comment
W056,Б1-2,1,△MNK=△MPK,—,,ok,доказательство; найденная пара совпадает с ожидаемой в key_comment
W056,Б1-3,1,△DKO=△DME,—,,ok,доказательство; найденная пара совпадает с ожидаемой в key_comment
W056,Б1-4,1,△ABD=△ACD,—,,ok,доказательство; найденная пара совпадает с ожидаемой в key_comment
W056,Б1-5,1,△MKH=△MNH,—,,ok,доказательство; найденная пара совпадает с ожидаемой в key_comment
W056,Б1-6,1,△BAD=△BCD,—,,ok,доказательство; найденная пара совпадает с ожидаемой в key_comment
W056,Б1-7,1,△OPK=△OEK,—,,ok,доказательство; найденная пара совпадает с ожидаемой в key_comment
W056,Б1-8,1,△DEF=△DKF,—,,ok,доказательство; найденная пара совпадает с ожидаемой в key_comment
W056,Б1-9,1,△MEQ=△QAM,—,,ok,доказательство; найденная пара совпадает с ожидаемой в key_comment
W056,Б1-10,1,△ABC=△ADC,—,,ok,доказательство; найденная пара совпадает с ожидаемой в key_comment
W056,Б1-11,1,△EOM=△POK; △MOP=△KOE,—,,ok,доказательство; найденная пара совпадает с ожидаемой в key_comment
W056,Б1-12,1,△ABM=△ADC; △BEC=△DEM,—,,ok,доказательство; найденная пара совпадает с ожидаемой в key_comment
W056,Б1-13,0,△ABK=△CBF,—,,ok,"доказательство; пропущена вторая пара △ABF=△CBK (проверяющий дописал, но поставил +) — метка 0 по полноте спорна"
W056,Б1-14,0,△MFK=△MNP,—,,ok,"доказательство; пропущена пара △FPM=△KNM (проверяющий дописал, поставил +) — метка 0 спорна"
W056,Б1-15,1,△SPE=△NQE; △SPN=△NQS,—,,ok,доказательство; найденная пара совпадает с ожидаемой в key_comment
W056,Б1-16,0,△APK=△ABC («CA общ.»); △DEC=△BEK,—,,ok,"ошибка в обосновании есть (проверяющий: ∠A общ., ±)"
W056,Б1-17,1,△PMK=△NMF,—,,ok,доказательство; найденная пара совпадает с ожидаемой в key_comment
W056,Б1-18,1,△KOE=△FOE,—,,ok,доказательство; найденная пара совпадает с ожидаемой в key_comment
W056,Б1-19,1,да (∠5=∠6),да,1,ok,△AEM=△AEK ⇒ KE=ME ⇒ ∠5=∠6
W056,Б2-1,1,a∥b,—,,ok,доказательство; найденная пара совпадает с ожидаемой в key_comment
W056,Б2-2,1,a∥b (в своей перерисовке; это b∥d условия),—,,ok,ученик переобозначил прямые; по углам 68/112 — те же прямые
W056,Б2-3,1,n∥m,—,,ok,доказательство; найденная пара совпадает с ожидаемой в key_comment
W056,Б2-4,0,a∥b∥c,—,,ok,c ∦ по рисунку (∠9≠90°) — ошибка есть
W056,Б2-5,1,c∥d,—,,ok,доказательство; найденная пара совпадает с ожидаемой в key_comment
W056,Б2-6,1,x∥y,—,,ok,доказательство; найденная пара совпадает с ожидаемой в key_comment
W056,Б2-7,0,"△ACD=△CBA, стороны равны",—,,ok,параллельность не выведена
W056,Б2-8,0,△NEK=△MEP,—,,ok,параллельность не выведена
W056,Б2-9,0,△EFQ=△EPQ,—,,ok,параллельность не выведена
W056,Б2-10,0,△ACB «подобен» △BDE по 1 признаку равенства,—,,ok,параллельность не доказана
W056,Б2-11,1,"«если накрест лежащие углы равны, прямые ∥» (прямые не названы)",—,,ambiguous,"не указано, какие прямые параллельны; проверяющий +"
W056,Б2-12,1,"«если накрест лежащие углы равны, прямые ∥» (прямые не названы)",—,,ambiguous,"не указано, какие прямые параллельны; проверяющий +"
W056,Б2-13,1,"YK∥XN (через △XMN=△YKM, △YMX=△KMN)",—,,ok,доказательство; найденная пара совпадает с ожидаемой в key_comment
W056,Б2-14,1,основания трапеции ∥; △ABE=△CFD,—,,ambiguous,BE∥CF явно не выведено; проверяющий +
W067,В1-1,1,"0,8","0,8",1,ok,
W067,В1-2,1,"0,7","0,7",1,ok,
W067,В1-3,1,"0,2","0,2",1,ok,
W067,В1-4,1,6,6,1,ok,
W067,В1-5,1,9,9,1,ok,
W067,В1-6,0,"cos²A = 0,16 (корень не извлечён)","0,4",0,ok,"cosA=0,4 дописал проверяющий"
W067,В2-1,1,"0,3","0,3",1,ok,
W067,В2-2,1,"0,45","0,45",1,ok,
W067,В2-3,1,3,3,1,ok,
W067,В2-4,1,25,25,1,ok,
W067,В2-5,1,21,21,1,ok,
W067,В2-6,1,"cos² = 0,01 (подчёркнуто «0,1» со вставленным 0)","0,1",,ambiguous,"запись «0,1» с 0 сверху = 0,01, т.е. cos², корень не извлечён — как в В1-6 (там метка 0); если считать ответом 0,1 — верно"
W072,50,1,36,36,1,ok,
W072,54,1,8,8,1,ok,
W072,59,,только «Дано»,,,na,метка пустая
W074,1,1,139,139,1,ok,
W074,3,1,106,106,1,ok,
W074,4,1,119 (читается как 119/112),119,1,ok,последняя цифра похожа на 9 с петлёй; проверяющий +
W074,9,1,65,65,1,ok,
W074,11,,нет ответа,,,na,метка пустая
W074,12,,зачёркнуто,,,na,метка пустая
W074,14,1,125,125,1,ok,
W074,17,0,"66 (обведено), далее ∠B=180−66=24",66,1,ambiguous,"ответ 66 = ключ; лишний шаг с ошибкой 180−66=24, ответ «Ответ:» не выписан; спорно, 1 или 0"
W074,20,0,38 ⇒ 180−38=92,88,0,ok,44+44=88
W074,21,1,11,11,1,ok,
W074,24,1,7,7,1,ok,
W074,25,1,106,106,1,ok,
W074,28,0,7? (вторая цифра перекрыта исправлением проверяющего на 72),72,0,ok,проверяющий исправил цифру на 2
W074,29,1,157,157,1,ok,
W074,31,1,129,129,1,ok,
W074,36,1,4,4,1,ok,
W074,37,1,139,139,1,ok,
W074,39,1,108,108,1,ok,
W074,44,1,59,59,1,ok,
W074,45а,1,17,17,1,ok,
W074,45б,1,13,13,1,ok,
W074,50,0,"5,5",5,0,ok,h=(3+7)/2=5
W074,53,0,"1,75","9,5",0,ok,"h=(6+13)/2=9,5"
W074,54,1,78,78,1,ok,
W074,56,1,54,54,1,ok,
W074,59,0,96 (180−84),84,0,ok,острый угол 84
W074,60,0,112,74,0,ok,AC=2·37=74
W074,63,1,22,22,1,ok,
W074,65,1,"104 (180−76=104, подписано «№65»)",145,0,label_suspect,"№65: угол ромба 35° ⇒ 145; ученик решил с данными №64 (76°⇒104). Либо метка 0, либо задачу надо переотнести к №64"
W074,68,0,101,81,0,ok,
W074,71,0,153,53,0,ok,
W074,73,1,48,48,1,ok,
W074,75,0,124,62,0,ok,
W074,77,1,12,12,1,ok,
W074,79,0,18,17,0,ok,"180−146=34, 34:2=17"
W074,80,0,19√3,19,0,ok,"AP=19 найдено, но в ответе BP=19√3"
W074,82,0,11√3,11,0,ok,
W074,85,0,128,4,0,ok,большая высота 32:8=4
W074,89,1,35,35,1,ok,
W074,92,1,80,80,1,ok,
W074,93,0,24,12,0,ok,"h=2, S=12"
W074,95,1,18,18,1,ok,
W074,97,1,"12,5","12,5",1,ok,
W074,100,1,72,72,1,ok,
W074,101,0,196,14,0,ok,√196=14
W074,104,1,18,18,1,ok,в записи пропущен корень
W074,105,0,"16,5","9,5",0,ok,"19:2=9,5"
W074,109,1,6,6,1,ok,
W074,112,1,9,9,1,ok,
W002,1,1,-2,-2,1,ok,
W002,2,1,-8,-8,1,ok,
W002,3,1,5,5,1,ok,
W002,4,1,10,10,1,ok,
W002,5,1,288,288,1,ok,
W002,6,1,131,131,1,ok,
W002,7,1,17,17,1,ok,
W002,8,1,12,12,1,ok,
W002,9,0,нет точки минимума,4,0,ok,"Ответ «нет точки минимума» ≠ 4; y'=1,5√x−3, x=4 — минимум; метка 0 верна"
W002,10,1,4,4,1,ok,
W002,11,1,14,14,1,ok,
W002,12,1,-119,-119,1,ok,
W002,13,1,3,3,1,ok,
W002,14,1,-1,-1,1,ok,
W002,15,0,10,10,1,ok,"Ответ 10 = ключу, но на фото (11−x)' записано как 1 и далее 1+11−x→10−x — ошибка в ходе решения реальна; метка 0 обоснована"
W002,16,,,,,na,Не решено («?»)
W002,17,,,,,na,Не решено («?»)
W002,18,,,,,na,Не решено («?»)
W002,19,0,-1,7,0,ok,"Записано «Отв: −1» (точка минимума, вне отрезка); наибольшее на [−17;−2] = y(−5) = 7"
W021,1,0,доказательство (DE∥AC «как соответственные»),—,,ok,"Доказательство: равенство углов объявлено «как соответственные» — это уже предполагает DE∥AC (круг); ошибка реальна, метка 0 обоснована при + проверяющего"
W021,1а,1,1/3,1:3,1,ok,
W021,1б,1,3:1,3:1,1,ok,
W021,1в,1,1:9,1:9,1,ok,
W023,В3-1,0,"(1,3; -4,9); (-2; 5)",(4/3; -5); (-2; 5),0,ok,"x=8/6 округлён до 1,3 → (1,3; −4,9) ≠ (4/3; −5)"
W023,В3-2,1,5 и 9,5 и 9,1,ok,
W023,В3-3,0,"(4,6; 2)",(1; -4); (4; 1),0,ok,"Ответ (4,6; 2) ≠ (4;1),(1;−4); ключ перепроверен: 34y²+102y−136=0 → y=1, −4"
W023,В4-1,1,"(3,2; 0,24); (-3; -1)","(3,2; 0,24); (-3; -1)",1,ok,
W023,В4-2,1,6 и 7,6 и 7,1,ok,
W023,В4-3,0,(-4; 8),(3; 1); (-4; 8),0,ok,"Ответ (−4; 8) (пара (4;0) зачёркнута), не хватает (3;1)"
W052,11,0,53,43,0,ok,90−47 записано как 53 (проверяющий исправил на 43)
W052,12,0,71,19,0,ok,"Записан 71 (угол при основании), ∠ABO = 90−71 = 19"
W052,13,1,"29,5","29,5",1,ok,
W052,14,1,"23,5","23,5",1,ok,
W052,16,1,"86,5","86,5",1,ok,
W052,17,0,"170,5",142,0,ok,"Ответ 170,5 ≠ 142 (дуга AB взята 19:2 вместо 19·2)"
W052,19,0,22,17,0,ok,180−146 записано 44 → ∠ACB=22; верно 34 → 17
W052,20,1,36,36,1,ok,
W052,22,1,24,24,1,ok,
W052,23,1,69,69,1,ok,
W052,24,1,65,65,1,ok,
W052,25,1,58,58,1,ok,
W052,26,1,47,47,1,ok,
W052,28,1,22,22,1,ok,
W052,30,1,52,52,1,ok,
W052,32,1,64,64,1,ok,
W052,34,1,88,88,1,ok,
W052,36,0,S=121 (r=11 найден),11,0,ok,"r=22:2=11 найден, но последняя запись S=121 (не спрашивалось); по правилу последнего результата 121≠11, метка 0 согласована (спорно: r=11 записан)"
W052,38,0,S=961 (r=31 найден),31,0,ok,"r=62:2=31 найден, но последняя запись S=961 (не спрашивалось); по правилу последнего результата 961≠31, метка 0 согласована (спорно)"
W052,40,1,324,324,1,ok,
W052,42,1,196,196,1,ok,
W052,44,1,56,56,1,ok,
W052,46,1,96,96,1,ok,
W052,47,1,19,19,1,ok,
W052,49,1,6,6,1,ok,
W052,51,1,9,9,1,ok,
W052,55,1,72,72,1,ok,
W052,58,1,213,213,1,ok,
W052,59,,,,,na,"Зачёркнуто, метки нет"
W052,62,,,,,na,"Зачёркнуто, метки нет"
W052,63,1,30,30,1,ok,
W052,66,1,54,54,1,ok,
W052,68,1,46,46,1,ok,
W052,69,1,21,21,1,ok,
W052,71,0,51+42 (не вычислено),93,,ambiguous,"Записано ∠ABC=51+42 без итога (=93 дописал проверяющий и поставил +); выражение равно ключу 93 — считать ли невычисленную сумму ошибкой, вопрос политики"
W052,73,1,118,118,1,ok,
W052,75,1,66,66,1,ok,
W052,77,1,81,81,1,ok,
W052,79,1,20,20,1,ok,
W052,82,1,10,10,1,ok,
W052,83,1,18,18,1,ok,
W052,85,,,,,na,"Не доведено, метки нет"
W052,87,1,124,124,1,ok,
W052,90,1,147,147,1,ok,
W052,92,0,114,66,0,ok,"∠B=180−114=66 (обведено проверяющим), но итог ∠C=180−66=114 ≠ 66"
W052,94,0,47,133,0,ok,Записано ∠C=47 ≠ 133 (при этом ∠B=133 найдено)
W052,103,1,44,44,1,ok,
W052,112,1,15,15,1,ok,
W059,Б1-1,1,△AOD=△BOC (1-й пр.),—,,ok,"Доказательство; найденная пара совпадает с ожидаемой, + проверяющего"
W059,Б1-2,1,△MNK=△MPK (3-й пр.),—,,ok,"Доказательство; найденная пара совпадает с ожидаемой, + проверяющего"
W059,Б1-3,1,△KDO=△EDM (2-й пр.),—,,ok,"Доказательство; найденная пара совпадает с ожидаемой, + проверяющего"
W059,Б1-4,1,△ABD=△ACD (1-й пр.),—,,ok,"Доказательство; найденная пара совпадает с ожидаемой, + проверяющего"
W059,Б1-5,1,△KMH=△NMH (2-й пр.),—,,ok,"Доказательство; найденная пара совпадает с ожидаемой, + проверяющего"
W059,Б1-6,1,△ABD=△CBD (2-й пр.),—,,ambiguous,"Пара верная, но обоснование ∠A=∠C «т.к. △ABC равнобедренный» не доказано (равнобедренность — следствие); ожидался 1-й признак (AD=DC, BD общая, прямые углы). Проверяющий +"
W059,Б1-7,1,△KPO=△KEO (2-й пр.),—,,ok,"Доказательство; найденная пара совпадает с ожидаемой, + проверяющего"
W059,Б1-8,1,△DEF=△DKF (2-й пр.),—,,ok,"Доказательство; найденная пара совпадает с ожидаемой, + проверяющего"
W059,Б1-9,1,△QAM=△QEM (1-й пр.),—,,ok,"Доказательство; найденная пара совпадает с ожидаемой, + проверяющего"
W059,Б1-10,1,△ABC=△ADC (3-й пр.),—,,ok,"Доказательство; найденная пара совпадает с ожидаемой, + проверяющего"
W059,Б1-11,1,△MOE=△POK; △MOP=△EOK (1-й пр.),—,,ok,"Доказательство; найденная пара совпадает с ожидаемой, + проверяющего"
W059,Б1-12,1,△CEB=△DEM; △ACD=△ABM (1-й пр.),—,,ok,"Доказательство; найденная пара совпадает с ожидаемой, + проверяющего"
W059,Б1-13,0,△AKB=△CFB (1-й пр.),—,,ambiguous,"Ожидаемая пара найдена и доказана; метка 0 за «можно ещё одну пару» (△ABF=△CBK) — неполнота по политике, итоговой отметки нет"
W059,Б1-14,0,△FKM=△NPM (2-й пр.),—,,label_suspect,"Ожидаемая пара △FKM=△NPM найдена и доказана (FM=NM, ∠F=∠N, углы при M), проверяющий поставил + и лишь «можно ещё»; метка 0 за неполноту спорна"
W059,Б1-16,1,△ABC=△AKD (указан 1-й пр.),—,,ambiguous,"Пара верная (=△ADK), но обоснование ошибочно: DE=KE, BE=CE не даны, признак 1-й вместо 2-го (AB=AD, ∠B=∠D, ∠A общий). Проверяющий +"
W059,Б1-17,1,△PMK=△NMF (1-й пр.),—,,ok,"Доказательство; найденная пара совпадает с ожидаемой, + проверяющего"
W059,Б1-18,1,△KOE=△FOE (3-й пр.),—,,ok,"Доказательство; найденная пара совпадает с ожидаемой, + проверяющего"
W059,Б1-19,1,да (∠5=∠6),да,1,ok,
W059,Б2-1,1,a∥b (накрест лежащие 72°),—,,ok,"Доказательство верное, +"
W059,Б2-2,1,«a∥b» (сумма односторонних 112+68=180),—,,ambiguous,"Обоснование верное, но прямые названы a∥b вместо b∥d (a — секущая); вероятно описка. Проверяющий +"
W059,Б2-3,1,n∥m (соответственные 74°),—,,ok,"Доказательство верное, +"
W059,Б2-4,1,a∥b,—,,ok,"a∥b (перпендикуляры к d; ученик — «накрест лежащие равны»), +"
W059,Б2-5,1,c∥d (накрест лежащие 40°),—,,ok,"Доказательство верное, +"
W061,1,1,"вершина (−3;−4), таблица, график",—,,ok,"Построение: вершина и таблица (−6..0: 5,0,−3,−4,−3,0,5) верны"
W061,2,1,"вершина (−1; 6), частичная таблица, набросок",—,,ambiguous,"Вершина (−1;6) верна, таблица частичная, график — набросок; отметки проверяющего не видно — достаточность построения неясна"
W061,3,1,"вершина (2; 1), таблица, график",—,,ok,"Построение верное, +"
W061,4,1,"вершина (3,5; 2,75), таблица, график",—,,ok,"Построение верное (y(2)=−4, y(2,5)=−0,25, y(3)=2), +"
W061,Б1-1,1,312,312,1,ok,
W061,Б1-2,1,321,321,1,ok,
W061,Б1-3,,,,,na,"Ответ замазан, метки нет"
W061,Б1-4,1,213,213,1,ok,
W061,Б1-5,1,312,312,1,ok,
W061,Б1-6,1,321,321,1,ok,
W061,Б1-7,1,132,132,1,ok,
W061,Б2-1,0,132,123,0,ok,132 ≠ 123 (проверяющий исправил на 123)
W061,Б2-2,0,123,132,0,ok,123 ≠ 132 (проверяющий исправил на 132)
W073,50,1,36,36,1,ok,
W073,54,1,8,8,1,ok,
W073,56,1,14,14,1,ok,
W076,1,1,(4; 2); (4; -2),(4; -2); (4; 2),1,ok,
W076,2,1,2; 4,2; 4,1,ok,
W076,3,1,(1; 1+√2),(1; 1 + √2),1,ok,"Записано x∈(1; 1√2), «+» дописан проверяющим; по решению нули 1 и 1+√2"
W076,4,,,,,na,"Не доведено, метки нет"
W076,5,1,13,13,1,ok,
W076,8,1,20,20,1,ok,
W076,12,1,65,65,1,ok,
W078,Б1-1,1,61,61,1,ok,
W078,Б1-2,0,"-34? (неразборчиво, зачёркнуто)",-41,0,ok,"Ответ ≠ ключу, проверяющий исправил; ключ перепроверен: −13−28 = −41"
W078,Б1-3,0,"40? (неразборчиво, зачёркнуто)",39,0,ok,"Ответ ≠ ключу, проверяющий исправил; ключ перепроверен: d=2, a16=9+30=39"
W078,Б1-4,1,"6,3","6,3",1,ok,
W078,Б1-5,0,150,110,0,ok,"Ответ ≠ ключу, проверяющий исправил; ключ перепроверен: 30+26+22+18+14=110"
W078,Б1-6,0,"3..? (неразборчиво, зачёркнуто)",518,0,ok,"Ответ ≠ ключу, проверяющий исправил; ключ перепроверен: 14·24+2·91=518"
W078,Б1-7,1,48,48,1,ok,
W078,Б1-8,1,7,7,1,ok,
W078,Б1-9,0,15? (зачёркнуто),"7,5",0,ok,"Ответ ≠ ключу, проверяющий исправил; ключ перепроверен: 480/2^6=7,5"
W078,Б1-10,0,372? (зачёркнуто),2916,0,ok,"Ответ ≠ ключу, проверяющий исправил; ключ перепроверен: 12·3^5=2916"
W078,Б2-2,0,"6,4? (зачёркнуто)","6,2",0,ok,"Ответ ≠ ключу, проверяющий исправил; ключ перепроверен: −4,3+5·2,1=6,2"
W078,Б2-3,1,37,37,1,ok,
W078,Б2-5,1,-7,-7,1,ok,
W078,Б2-7,1,-10,-10,1,ok,
W078,Б2-8,0,"5,5? (зачёркнуто)","1,1",0,ok,"Ответ ≠ ключу, проверяющий исправил; ключ перепроверен: (13,9−8,4)/5=1,1"
W078,Б2-10,1,"9,6","9,6",1,ok,
W078,Б2-11,1,615,615,1,ok,
W078,Б2-13,1,12,12,1,ok,
W078,Б2-14,1,32,32,1,ok,
W078,Б2-15,1,58,58,1,ok,
W078,Б2-16,0,1..? (зачёркнуто),167,0,ok,"Ответ ≠ ключу, проверяющий исправил; ключ перепроверен: 5+27·6=167"
W078,Б2-17,1,77400,77400,1,ok,
W078,Б2-19,1,945,945,1,ok,
W078,Б2-20,1,328,328,1,ok,
W078,Б2-21,1,5,5,1,ok,
W078,Б2-22,1,7,7,1,ok,
W078,Б3-1,1,"5,4","5,4",1,ok,
W078,Б3-2,1,8,8,1,ok,
W078,Б3-3,1,6,6,1,ok,
W078,Б3-4,1,1082,1082,1,ok,
W078,Б3-5,1,62720,62720,1,ok,
W078,Б3-8,1,17,17,1,ok,
W078,Б3-9,1,16,16,1,ok,
W078,Б3-10,0,3? (зачёркнуто),2,0,ok,"Ответ ≠ ключу, проверяющий исправил; ключ перепроверен: 15+20+25+30+3·35+30+25+20=270 капель → 2 пузырька по 140"
W078,Б3-11,1,35,35,1,ok,
W003,5а,1,x=π/4+2πk; x=5π/4+2πn,"x = π/4 + πk, k∈Z",1,ok,Серии объединяются в π/4+πk = ключ
W003,5б,1,-19π/4,-19π/4,1,ok,
W003,6а,1,π/6+2πk; 5π/6+2πn; 4π/3+2πh; 5π/3+2πc,"x = π/6 + 2πk; x = 5π/6 + 2πk; x = -π/3 + 2πk; x = -2π/3 + 2πk, k∈Z",1,ok,"4π/3≡−2π/3, 5π/3≡−π/3"
W003,6б,0,-23π/6; -14π/3; -7π/3,-14π/3; -13π/3; -23π/6,0,ok,−7π/3 вместо −13π/3
W003,7а,1,π/2+2πk; 3π/2+2πn; 5π/6+2πh,"x = π/2 + πk; x = 5π/6 + 2πk, k∈Z",1,ok,π/2+2πk ∪ 3π/2+2πn = π/2+πk
W003,7б,1,-11π/2; -9π/2; -31π/6,-11π/2; -31π/6; -9π/2,1,ok,
W005,В1-1б,1,"0,5","0,5",1,ok,
W005,В1-2,0,5/13,-5/13,0,ok,знак: верно −5/13
W005,В1-3.2,1,-1/(sin α+cos α),-1/(sin α + cos α),1,ok,
W005,В1-3.3,1,tg α,tg α,1,ok,
W005,В1-4,0,-√3,-√3,1,ok,"Ответ верный; в записи действительно cos75° вместо cos15° (2sin60°cos75°/(−sin75°) → −1), ошибка есть, но это описка, проверяющий поставил + — метка 0 спорная"
W005,В1-5,1,доказательство,—,,na,"доказательство, ключ —"
W005,В2-2,0,3/5,"-0,6",0,ok,знак: верно −3/5
W005,В2-3.1,1,2sin α cos β,2sin α cos β,1,ok,
W005,В2-3.2,0,(sin α − cos α)/(1 − sin 2α),1/(sin α - cos α),1,ok,"Ответ эквивалентен ключу 1/(sinα−cosα) (1−sin2α=(sinα−cosα)²), но не доупрощён в задании «упростить»; проверяющий подсказал (sin+cos)² — метка 0 по недоупрощению обоснована, но спорна"
W005,В2-3.3,1,tg α,tg α,1,ok,
W005,В2-4,1,-√2,-√2,1,ok,
W005,В2-5,1,доказательство,—,,na,"доказательство, ключ —"
W016,1.2,0,5,-5,0,ok,верно −5
W016,1.6,1,-4,-4,1,ok,
W016,1.12,1,-5,-5,1,ok,
W016,2.2,1,4,4,1,ok,
W016,2.3,1,3,3,1,ok,
W016,2.5,1,7,7,1,ok,
W016,3.5,1,243,243,1,ok,
W016,3.7,1,9,9,1,ok,
W016,3.8,1,13,13,1,ok,
W016,4.1,1,3,3,1,ok,
W016,4.3,1,11,11,1,ok,
W016,4.7,1,17,17,1,ok,
W016,5.1,1,144,144,1,ok,
W016,5.2,1,196,196,1,ok,
W016,6.1,1,36,36,1,ok,
W016,6.2,1,81,81,1,ok,
W016,7.1,1,37,37,1,ok,
W016,7.2,1,22,22,1,ok,
W016,7.3,1,13,13,1,ok,
W025,4.4,0,"2,5; -1",-2; -1; 3,0,ok,верно −2; −1; 3
W025,5.3,0,"1; 0,5",-1/3; 1,0,ok,верно 1; −1/3
W025,5.11,1,"3,25; 2","2; 3,25",1,ok,
W025,8.11,1,x=1; x=-1; y=2,(-1; 2); (1; 2),1,ok,"те же пары (±1; 2), запись не парами"
W025,9.1,0,x=2; y=3,(2; -3); (2; 3),0,ok,потеряна пара (2; −3)
W027,2,0,[3; +∞),[2; +∞),0,ok,верно [2; +∞)
W027,3,0,(-∞; 3) ∪ (2; 3],(-∞; -3) ∪ [0; 1],0,ok,верно (−∞; −3) ∪ [0; 1]
W027,4,0,(-∞; -11) ∪ [-5; -3] ∪ (1; +∞),(-11; -5] ∪ [-3; 1),0,ok,ответ к противоположному неравенству
W027,5,0,[6/7; +∞),(-∞; 0) ∪ (0; 6/7],0,ok,верно (−∞; 0) ∪ (0; 6/7]
W027,6,,не доведено,,,na,метка пустая
W027,7,0,R,(-∞; 1] ∪ {2} ∪ [3; +∞),0,ok,верно (−∞; 1] ∪ {2} ∪ [3; +∞)
W030,97,1,87%,87,1,ok,"x+y=1,22; 10x+16y=14,3 ⇒ x=0,87"
W030,109,1,78 кг,78,1,ok,"0,78·22/0,22=78"
W046,1,1,4,4,1,ok,
W046,2,0,2,1,0,ok,
W046,3,1,3,3,1,ok,
W046,4,0,4,2,0,ok,
W046,5,0,3,4,0,ok,
W046,6,1,3,3,1,ok,
W046,7,1,2,2,1,ok,
W046,8,0,"3 2 4 (неясно, какая цифра итоговая)",2,0,ok,ни одно прочтение не даёт единственный ответ 2; проверяющий исправил на 2
W046,9,1,4,4,1,ok,
W046,10,1,3,3,1,ok,
W046,11,1,2,2,1,ok,
W046,12,1,3,3,1,ok,
W046,13,0,1,3,0,ok,
W046,14,1,2,2,1,ok,
W046,15,0,3,1,0,ok,
W046,16,,не доведено,,,na,метка пустая
W046,17,0,2,1,0,ok,
W046,18,1,1,1,1,ok,
W046,19,1,1,1,1,ok,
W046,20,,не доведено,,,na,метка пустая
W046,21,,не доведено,,,na,метка пустая
W046,22,1,27,27,1,ok,
W046,30,1,2,2,1,ok,
W046,39,1,16,16,1,ok,
W046,41,1,"0,3","0,3",1,ok,
W046,42,1,"0,88","0,88",1,ok,"первая цифра после запятой перекрыта исправлением проверяющего (8), стоит +"
W046,43,1,"0,8","0,8",1,ok,
W046,44,0,"0,?6 (неразборчиво, не 0,096)","0,096",0,ok,
W046,45,1,"0,94","0,94",1,ok,"«0,94» написано похоже на 0,44, но 846/900=0,94, проверяющий +"
W046,46,0,"0,044","0,02",0,ok,
W046,47,1,"0,1","0,1",1,ok,
W046,48,0,"0,1?7 (0,127/0,187; сбоку 0,49·0,3=0,127)","0,147",0,ok,
W046,49,0,"0,5","0,25",0,ok,
W046,50,1,"0,3","0,3",1,ok,
W046,51,1,"0,5","0,5",1,ok,
W046,52,0,"0,98","0,9604",0,ok,
W046,53,1,"0,85","0,85",1,ok,
W046,54,1,"0,9409","0,9409",1,ok,
W046,55,1,"0,92","0,92",1,ok,
W046,56,1,"0,75","0,75",1,ok,
W046,57,0,"0,2 (после обведённого 0,8)","0,8",0,ok,"итоговый результат ученика 0,2 = 1−0,8"
W046,58,1,"0,4","0,4",1,ok,
W046,59,1,"0,89","0,89",1,ok,
W046,60,1,"0,2","0,2",1,ok,
W054,В1-1а,1,(3; ∞),(3; +∞),1,ok,
W054,В1-1б,0,(-∞; -7),(-∞; -7],0,ok,
W054,В1-1в,0,(30; ∞) → [ исправлено проверяющим,[30; +∞),0,ok,скобка [ и черта в ≥ жирные — исправление проверяющего (как в В2-1в)
W054,В1-1г,1,(-∞; -12),(-∞; -12),1,ok,
W054,В1-1д,0,(-∞; 0),(-∞; 0],0,ok,
W054,В1-2а,0,"(-∞; -0,71]",(-∞; 5/7],0,ok,
W054,В1-2б,1,(5; ∞),(5; +∞),1,ok,
W054,В1-2в,0,"(-∞; -6,1)",(-∞; 4],0,ok,
W054,В1-3а,0,(-∞; -3),(-∞; 6),0,ok,
W054,В1-3б,0,(-∞; 4),(-∞; -4],0,ok,
W054,В1-4,1,(-29; ∞) → «+» дорисован проверяющим,(29; +∞),0,label_suspect,"В строках «x > −29» и «(−29; ∞)» тонкий горизонтальный штрих ученика, а вертикальная черта, превращающая − в +, жирная — тем же маркером, что исправления проверяющего [ и ] в В1-1в/В2-1б/В2-2в; отметки + нет. Ответ ученика −29 ≠ 29 (−x+29<0 ⇒ x>29) → метка должна быть 0"
W054,В1-5,0,"x = -0,46",(-∞; 7/15],0,ok,
W054,В2-1а,1,(5; ∞),(5; +∞),1,ok,
W054,В2-1б,0,(-∞; -6) → ] исправлено проверяющим,(-∞; -6],0,ok,
W054,В2-1в,0,(30; ∞) → [ исправлено проверяющим,[30; +∞),0,ok,
W054,В2-1г,0,(-∞; 20),(-∞; -20),0,ok,
W054,В2-1д,0,(-∞; 0),(-∞; 0],0,ok,
W054,В2-2а,0,"(-∞; -0,64]",(-∞; 7/11],0,ok,
W054,В2-2б,0,(-∞; -40),(40/7; +∞),0,ok,
W054,В2-2в,0,(-∞; 2) → ] исправлено проверяющим,(-∞; 2],0,ok,
W054,В2-4,0,"(-∞; -1,5)",(-∞; -4),0,ok,
W054,В2-5,0,"x = 0,17",(-∞; 3/17],0,ok,
W054,7,0,"(-∞; 1,3)","(-∞; 0,75)",0,ok,
W054,8,0,"(-∞; 3,3)",(-10/3; +∞),0,ok,
W077,Б1-1,1,61,61,1,ok,
W077,Б1-2,1,-41,-41,1,ok,
W077,Б1-3,0,122,39,0,ok,
W077,Б1-4,0,"4,55","6,3",0,ok,
W077,Б1-5,1,110,110,1,ok,
W077,Б1-6,1,518,518,1,ok,
W077,Б1-7,1,48,48,1,ok,
W077,Б1-8,0,"4,5 (неразборчиво)",7,0,ok,
W077,Б1-9,1,"7,5","7,5",1,ok,
W077,Б1-10,1,2916,2916,1,ok,
W077,Б2-1.1,1,13,13,1,ok,
W077,Б2-1.2,1,9,9,1,ok,
W077,Б2-2,1,"6,2","6,2",1,ok,
W077,Б2-3,1,37,37,1,ok,
W077,Б2-4,1,"-56,4","-56,4",1,ok,
W077,Б2-5,1,-7,-7,1,ok,
W077,Б2-6,1,145,145,1,ok,
W077,Б2-7,0,10,-10,0,ok,
W077,Б2-9,0,986 или 486 (без минуса),-486,0,ok,
W077,Б2-10,0,"-2,4 (зачёркнуто)","9,6",0,ok,
W077,Б2-12,0,32,-441,0,ok,
W077,Б2-14,1,32,32,1,ok,
W077,Б2-15,1,58,58,1,ok,
W077,Б2-16,0,155,167,0,ok,
W077,Б2-17,0,67400,77400,0,ok,
W077,Б2-19,0,815,945,0,ok,
W077,Б2-20,0,4,328,0,ok,
W077,Б2-22,0,5,7,0,ok,
W077,Б3-1,1,"5,4","5,4",1,ok,
W077,Б3-2,1,8,8,1,ok,
W077,Б3-3,1,6,6,1,ok,
W077,Б3-5,1,62720,62720,1,ok,
W077,Б3-6,0,78,48,0,ok,
W077,Б3-8,1,17,17,1,ok,
W077,Б3-11,0,140,35,0,ok,
W007,4.3,1,-3; 3; -4,-4; -3; 3,1,ok,Ответ совпадает с ключом
W007,4.11,1,-1,-1,1,ok,Ответ совпадает с ключом
W007,5.4,0,"0,3; -0,5","-0,5; 1/3",0,ok,"0,3 вместо 1/3 (≠ ключу), метка 0 верна"
W007,5.12,,,,,na,"Начато и зачёркнуто, метки нет"
W007,6.3,,,,,na,Не решено
W007,7.2,0,5; -2; 2; 5,-5; 2,0,ok,Ответ ученика 5; −2; 2; 5 ≠ −5; 2 (обе ошибки на фото есть)
W007,7.5,0,3; -2; 2; -3,-3; 2,0,ok,"Лишние корни 3; −2, ≠ ключу −3; 2"
W007,8.3,0,(1; 3); (5/7; 0),(5/7; 0); (1; 2),0,ok,"В оригинале (solution_5) у ученика (1;3), верно (1;2)"
W007,8.7,1,(2; 10); (3/4; 0),"(0,75; 0); (2; 10)",1,ok,Ответ совпадает с ключом
W022,В3-1,0,(-3; 8),(4/3; -5); (-2; 5),0,ok,"Ответ (−3; 8) ≠ (4/3; −5), (−2; 5)"
W022,В3-2,1,5 см и 9 см,5 и 9,1,ok,Совпадает
W022,В3-3,1,(4; 1); (1; -4),(1; -4); (4; 1),1,ok,Совпадает
W022,В4-1,1,"(3,2; 0,24); (-3; -1)","(3,2; 0,24); (-3; -1)",1,ok,Совпадает
W022,В4-2,,,,,na,"Не доведено, метки нет"
W022,В4-3,1,(3; 1); (-4; 8),(3; 1); (-4; 8),1,ok,Совпадает
W036,3,1,110,110,1,ok,Ответ совпадает с ключом
W036,4,1,94,94,1,ok,Ответ совпадает с ключом
W036,5,1,39,39,1,ok,Ответ совпадает с ключом
W036,6,1,33,33,1,ok,Ответ совпадает с ключом
W036,7,1,36,36,1,ok,Ответ совпадает с ключом
W036,8,1,32,32,1,ok,Ответ совпадает с ключом
W036,9,1,34,34,1,ok,Ответ совпадает с ключом
W036,10,1,26,26,1,ok,Ответ совпадает с ключом
W036,11,1,42,42,1,ok,Ответ совпадает с ключом
W036,12,1,38,38,1,ok,Ответ совпадает с ключом
W036,13,1,55,55,1,ok,Ответ совпадает с ключом
W036,14,1,73,73,1,ok,Ответ совпадает с ключом
W036,15,1,64,64,1,ok,Ответ совпадает с ключом
W036,16,1,59,59,1,ok,Ответ совпадает с ключом
W036,17,1,24,24,1,ok,Ответ совпадает с ключом
W036,18,1,28,28,1,ok,Ответ совпадает с ключом
W036,19,1,29,29,1,ok,Ответ совпадает с ключом
W036,20,1,25,25,1,ok,Ответ совпадает с ключом
W036,21,0,∠DBH = 14,31,0,ok,"Записан данный угол 14, верно 45−14=31; вторая ошибка (∠BAD=45) тоже есть"
W036,22,0,∠HBC = 11,11,1,ok,Ответ 11 = ключ; метка 0 за реально записанное ложное ∠ABD=∠BAD=45° (проверяющий поставил +)
W036,23,0,∠DBH = 9,36,0,ok,"Записан данный угол 9, верно 36"
W036,24,0,∠DBH = 23,22,0,ok,"Записан данный угол 23, верно 22"
W036,25,0,∠EBD = 12,33,0,ok,"Записан данный угол 12, верно 33"
W036,26,0,∠EBD = 19,26,0,ok,"Записан данный угол 19, верно 45−19=26 (ключ 26 верен; пометка проверяющего 25 — описка)"
W036,27,0,∠EBD = 14,31,0,ok,"Записан данный угол 14, верно 31"
W036,28,0,∠EBD = 18,27,0,ok,"Записан данный угол 18, верно 27"
W036,29,1,78,78,1,ok,Ответ совпадает с ключом
W036,30,1,16,16,1,ok,Ответ совпадает с ключом
W036,31,1,34,34,1,ok,Ответ совпадает с ключом
W036,32,1,84,84,1,ok,Ответ совпадает с ключом
W036,33,1,38,38,1,ok,Ответ совпадает с ключом
W036,34,1,32,32,1,ok,Ответ совпадает с ключом
W036,35,1,64,64,1,ok,Ответ совпадает с ключом
W036,36,0,63,61,0,ok,"63 ≠ 61 (A=14, C=105)"
W036,38,1,24,24,1,ok,Ответ совпадает с ключом
W049,1,1,132,132,1,ok,Ответ совпадает с ключом
W049,2,1,"15,4","15,4",1,ok,Ответ совпадает с ключом
W049,3,1,21100,21100,1,ok,Ответ совпадает с ключом
W049,4,1,15750,15750,1,ok,Ответ совпадает с ключом
W049,5,1,51,51,1,ok,Ответ совпадает с ключом
W049,6,0,"-0,45","-0,55",0,ok,"−0,45 ≠ −0,55"
W049,7,1,2,2,1,ok,Ответ совпадает с ключом
W049,8,1,"0,02","0,02",1,ok,"В поле замены 0,02 = ключ"
W049,9,1,"-6,2","-6,2",1,ok,Ответ совпадает с ключом
W049,10,1,"0,3","0,3",1,ok,Ответ совпадает с ключом
W049,11,1,132,132,1,ok,Ответ совпадает с ключом
W049,12,0,"230 (или 280, неразборчиво)",260,0,ok,В любом прочтении ≠ 260
W049,13,1,2,2,1,ok,Ответ совпадает с ключом
W049,14,1,"-53,7","-53,7",1,ok,Ответ совпадает с ключом
W049,15,1,114,114,1,ok,Ответ совпадает с ключом
W049,16,1,10,10,1,ok,Ответ совпадает с ключом
W049,17,1,6400,6400,1,ok,Ответ совпадает с ключом
W049,18,1,28,28,1,ok,Ответ совпадает с ключом
W049,19,1,1,1,1,ok,Ответ совпадает с ключом
W049,20,0,2; 4/(-6) (т.е. -2/3),2/3; 2,0,ok,"Второй корень со знаком минус, ≠ 2/3"
W053,В1-1а,1,(3; +∞),(3; +∞),1,ok,Ответ совпадает с ключом
W053,В1-1б,1,(-∞; -7],(-∞; -7],1,ok,Ответ совпадает с ключом
W053,В1-1в,0,"x ≥ 1,2",[30; +∞),0,ok,≠ x ≥ 30
W053,В1-1г,0,"x < 0,75",(-∞; -12),0,ok,≠ x < −12
W053,В1-1д,1,(-∞; 0],(-∞; 0],1,ok,Ответ совпадает с ключом
W053,В1-2а,0,"x ≤ 7/5 = 1,4",(-∞; 5/7],0,ok,"≠ x ≤ 5/7; проверяющий ошибочно поставил +, метка 0 верна"
W053,В1-2б,1,(5; +∞),(5; +∞),1,ok,Ответ совпадает с ключом
W053,В1-2в,1,(-∞; 4],(-∞; 4],1,ok,Ответ совпадает с ключом
W053,В1-3а,1,(-∞; 6),(-∞; 6),1,ok,Ответ совпадает с ключом
W053,В1-3б,1,(-∞; -4],(-∞; -4],1,ok,Ответ совпадает с ключом
W053,В1-4,0,x > 25,(29; +∞),0,ok,"≠ x > 29, обе ошибки видны"
W053,В1-5,1,(-∞; 7/15],(-∞; 7/15],1,ok,Ответ совпадает с ключом
W053,В2-1а,1,(5; +∞),(5; +∞),1,ok,Ответ совпадает с ключом
W053,В2-1б,1,(-∞; -6],(-∞; -6],1,ok,Ответ совпадает с ключом
W053,В2-1в,0,x ≥ 3,[30; +∞),0,ok,≠ x ≥ 30
W053,В2-1г,0,"x < 1,25",(-∞; -20),0,ok,≠ x < −20
W053,В2-1д,1,(-∞; 0],(-∞; 0],1,ok,Ответ совпадает с ключом
W053,В2-2а,1,(-∞; 7/11],(-∞; 7/11],1,ok,Ответ совпадает с ключом
W053,В2-2б,0,x > 7/40,(40/7; +∞),0,ok,≠ x > 40/7
W053,В2-2в,1,(-∞; 2],(-∞; 2],1,ok,Ответ совпадает с ключом
W053,В2-3а,1,"(-∞; 4,5)","(-∞; 4,5)",1,ok,Ответ совпадает с ключом
W053,В2-3б,1,(-∞; -3],(-∞; -3],1,ok,Ответ совпадает с ключом
W053,В2-4,0,x < 16,(-∞; -4),0,ok,≠ x < −4
W053,В2-5,1,(-∞; 3/17],(-∞; 3/17],1,ok,Ответ совпадает с ключом
W053,7,0,[3/4; +∞),"(-∞; 0,75)",0,ok,≠ (−∞; 3/4)
W053,8,1,(-10/3; +∞),(-10/3; +∞),1,ok,Совпадает
W060,1,1,"14,7","14,7",1,ok,Ответ совпадает с ключом
W060,2,1,2000,-2000,,ambiguous,"Ученик 2000, ключ −2000: дровяная (27000) дороже электрической (25000) на 2000, условие «дешевле» некорректно; принять 2000 или −2000 — решение за эталоном"
W060,3,1,8300,-8300,,ambiguous,"Ученик 8300, ключ −8300: дрова 5200 < электр. 13500, вопрос «дороже» некорректен; модуль разницы 8300 совпадает"
W060,4,1,25660,25660,1,ok,Ответ совпадает с ключом
W060,6,1,"7,6","1,6",0,label_suspect,"В увеличении первая цифра — явная «7» (горизонтальная перекладина + диагональ; «1» у ученика в №13/№1 пишется иначе); 8,8·0,8/4,4 = 1,6 ≠ 7,6; проверяющий поставил +"
W060,7,1,3,3,1,ok,Ответ совпадает с ключом
W060,8,1,"0,02","0,02",1,ok,Ответ совпадает с ключом
W060,9,1,"0,6","0,6",1,ok,Ответ совпадает с ключом
W060,10,1,"0,4","0,4",1,ok,Ответ совпадает с ключом
W060,12,1,260,260,1,ok,Ответ совпадает с ключом
W060,13,1,1,1,1,ok,Ответ совпадает с ключом
W060,14,1,20,20,1,ok,Ответ совпадает с ключом
W060,17,1,40,40,1,ok,Ответ совпадает с ключом
W060,19,1,2,2,1,ok,Ответ совпадает с ключом
W060,20,1,(11; 11 + √5),(11; 11 + √5),1,ok,Совпадает; проверяющий снял балл за оформление точек
W063,Б1-1,1,10,10,1,ok,Ответ совпадает с ключом
W063,Б1-9,1,26,26,1,ok,Ответ совпадает с ключом
W063,Б1-86,1,20,20,1,ok,Ответ совпадает с ключом
W063,Б1-97,1,87,87,1,ok,Ответ совпадает с ключом
W063,Б1-121,,,,,na,"Не доведено, метки нет"
W075,1,1,139,139,1,ok,Ответ совпадает с ключом
W075,5,1,78,78,1,ok,Ответ совпадает с ключом
W075,9,1,65,65,1,ok,Ответ совпадает с ключом
W075,11,1,45,45,1,ok,Ответ совпадает с ключом
W075,13,1,105,105,1,ok,Ответ совпадает с ключом
W075,17,1,66,66,1,ok,Ответ совпадает с ключом
W075,21,1,11,11,1,ok,Ответ совпадает с ключом
W075,25,1,106,106,1,ok,Ответ совпадает с ключом
W075,27,1,49,49,1,ok,Ответ совпадает с ключом
W075,29,1,157,157,1,ok,Ответ совпадает с ключом
W075,33,1,71,71,1,ok,Ответ совпадает с ключом
W075,37,1,139,139,1,ok,Ответ совпадает с ключом
W075,41,1,41,41,1,ok,Ответ совпадает с ключом
W075,45а,1,17,17,1,ok,Ответ совпадает с ключом
W075,45б,1,13,13,1,ok,Ответ совпадает с ключом
W075,46,1,3,3,1,ok,Ответ совпадает с ключом
W075,50,1,5,5,1,ok,Ответ совпадает с ключом
W075,54,1,78,78,1,ok,Ответ совпадает с ключом
W075,58,1,88,88,1,ok,Ответ совпадает с ключом
W075,60,1,74,74,1,ok,Ответ совпадает с ключом
W075,64,1,104,104,1,ok,Ответ совпадает с ключом
W075,68,1,81,81,1,ok,Ответ совпадает с ключом
W075,72,1,49,49,1,ok,Ответ совпадает с ключом
W075,76,1,23,23,1,ok,Ответ совпадает с ключом
W075,80,1,19,19,1,ok,Ответ совпадает с ключом
W075,84а,1,75,75,1,ok,Ответ совпадает с ключом
W075,84б,1,40,40,1,ok,Ответ совпадает с ключом
W075,84в,1,20,20,1,ok,Ответ совпадает с ключом
W075,84г,1,120,120,1,ok,Ответ совпадает с ключом
W075,84д,1,100,100,1,ok,Ответ совпадает с ключом
W075,84е,1,96,96,1,ok,Ответ совпадает с ключом
W075,85,1,BH = 4; BM = 2,4,1,ok,"Большая высота 4 = ключ, дополнительно выписана и меньшая (2)"
W075,89,1,35,35,1,ok,Ответ совпадает с ключом
W075,93,1,12,12,1,ok,Ответ совпадает с ключом
W075,97,1,"12,5","12,5",1,ok,Ответ совпадает с ключом
W075,101,1,14,14,1,ok,Ответ совпадает с ключом
W075,105,,,,,na,Начато и зачёркнуто
W075,109,1,6,6,1,ok,Ответ совпадает с ключом
