work_id,file,role
W001,markup_1.jpg,markup
W001,markup_2.jpg,markup
W001,markup_3.jpg,markup
W001,solution_1.jpg,solution
W001,solution_2.jpg,solution
W001,solution_3.jpg,solution
W001,task_1.jpg,task
W002,markup_30.jpg,markup
W002,markup_31.jpg,markup
W002,markup_32.jpg,markup
W002,solution_30.jpg,solution
W002,solution_31.jpg,solution
W002,solution_32.jpg,solution
W002,solution_33.jpg,solution
W002,task_5.pdf,task
W003,markup_1.jpg,markup
W003,markup_2.jpg,markup
W003,solution_1.jpg,solution
W003,solution_2.jpg,solution
W003,task_1.jpg,task
W004,feedback.docx,feedback
W004,markup_1.jpg,markup
W004,markup_2.jpg,markup
W004,markup_3.jpg,markup
W004,markup_4.jpg,markup
W004,solution_1.jpg,solution
W004,solution_2.jpg,solution
W004,solution_3.jpg,solution
W004,solution_4.jpg,solution
W004,task_1.jpg,task
W004,task_2.jpg,task
W005,markup_1.jpg,markup
W005,markup_2.jpg,markup
W005,solution_1.jpg,solution
W005,solution_2.jpg,solution
W005,task_1.jpg,task
W006,markup_5.jpg,markup
W006,markup_6.jpg,markup
W006,markup_7.jpg,markup
W006,solution_5.jpg,solution
W006,solution_6.jpg,solution
W006,solution_7.jpg,solution
W006,task_2.jpg,task
W007,markup_1.jpg,markup
W007,markup_2.jpg,markup
W007,markup_3.jpg,markup
W007,markup_4.jpg,markup
W007,markup_5.jpg,markup
W007,solution_1.jpg,solution
W007,solution_2.jpg,solution
W007,solution_3.jpg,solution
W007,solution_4.jpg,solution
W007,solution_5.jpg,solution
W007,task_1.jpg,task
W008,markup_1.jpg,markup
W008,markup_2.jpg,markup
W008,markup_3.jpg,markup
W008,solution_1.jpg,solution
W008,solution_2.jpg,solution
W008,solution_3.jpg,solution
W008,task_1.jpg,task
W009,markup_1.jpg,markup
W009,markup_10.jpg,markup
W009,markup_11.jpg,markup
W009,markup_12.jpg,markup
W009,markup_13.jpg,markup
W009,markup_14.jpg,markup
W009,markup_2.jpg,markup
W009,markup_3.jpg,markup
W009,markup_4.jpg,markup
W009,markup_5.jpg,markup
W009,markup_6.jpg,markup
W009,markup_7.jpg,markup
W009,markup_8.jpg,markup
W009,markup_9.jpg,markup
W009,solution_1.jpg,solution
W009,solution_10.jpg,solution
W009,solution_11.jpg,solution
W009,solution_12.jpg,solution
W009,solution_13.jpg,solution
W009,solution_14.jpg,solution
W009,solution_15.jpg,solution
W009,solution_16.jpg,solution
W009,solution_17.jpg,solution
W009,solution_2.jpg,solution
W009,solution_3.jpg,solution
W009,solution_4.jpg,solution
W009,solution_5.jpg,solution
W009,solution_6.jpg,solution
W009,solution_7.jpg,solution
W009,solution_8.jpg,solution
W009,solution_9.jpg,solution
W009,task_1.pdf,task
W010,markup_20.jpg,markup
W010,markup_21.jpg,markup
W010,markup_22.jpg,markup
W010,markup_23.jpg,markup
W010,markup_24.jpg,markup
W010,solution_20.jpg,solution
W010,solution_21.jpg,solution
W010,solution_22.jpg,solution
W010,solution_23.jpg,solution
W010,solution_24.jpg,solution
W010,task_2.pdf,task
W011,markup_41.jpg,markup
W011,markup_42.jpg,markup
W011,markup_43.jpg,markup
W011,markup_44.jpg,markup
W011,markup_45.jpg,markup
W011,markup_46.jpg,markup
W011,markup_47.jpg,markup
W011,markup_48.jpg,markup
W011,markup_49.jpg,markup
W011,markup_50.jpg,markup
W011,markup_51.jpg,markup
W011,solution_41.jpg,solution
W011,solution_42.jpg,solution
W011,solution_43.jpg,solution
W011,solution_44.jpg,solution
W011,solution_45.jpg,solution
W011,solution_46.jpg,solution
W011,solution_47.jpg,solution
W011,solution_48.jpg,solution
W011,solution_49.jpg,solution
W011,solution_50.jpg,solution
W011,solution_51.jpg,solution
W011,task_3.pdf,task
W012,markup_11.jpg,markup
W012,markup_12.jpg,markup
W012,markup_13.jpg,markup
W012,solution_11.jpg,solution
W012,solution_12.jpg,solution
W012,solution_13.jpg,solution
W012,task_11.jpg,task
W012,task_12.jpg,task
W012,task_13.jpg,task
W013,markup_1.jpg,markup
W013,markup_2.jpg,markup
W013,markup_3.jpg,markup
W013,markup_4.jpg,markup
W013,solution_1.jpg,solution
W013,solution_2.jpg,solution
W013,solution_3.jpg,solution
W013,solution_4.jpg,solution
W013,task_1.jpg,task
W014,markup_25.jpg,markup
W014,markup_26.jpg,markup
W014,markup_27.jpg,markup
W014,solution_25.jpg,solution
W014,solution_26.jpg,solution
W014,solution_27.jpg,solution
W014,task_3.pdf,task
W015,markup_21.jpg,markup
W015,markup_22.jpg,markup
W015,markup_23.jpg,markup
W015,markup_24.jpg,markup
W015,markup_25.jpg,markup
W015,solution_21.jpg,solution
W015,solution_22.jpg,solution
W015,solution_23.jpg,solution
W015,solution_24.jpg,solution
W015,solution_25.jpg,solution
W015,task_3.jpg,task
W016,markup_10.jpg,markup
W016,markup_11.jpg,markup
W016,markup_4.jpg,markup
W016,markup_5.jpg,markup
W016,markup_6.jpg,markup
W016,markup_7.jpg,markup
W016,markup_8.jpg,markup
W016,markup_9.jpg,markup
W016,solution_10.jpg,solution
W016,solution_11.jpg,solution
W016,solution_12.jpg,solution
W016,solution_4.jpg,solution
W016,solution_5.jpg,solution
W016,solution_6.jpg,solution
W016,solution_7.jpg,solution
W016,solution_8.jpg,solution
W016,task_3.pdf,task
W017,markup_1.jpg,markup
W017,markup_2.jpg,markup
W017,markup_3.jpg,markup
W017,solution_1.jpg,solution
W017,solution_2.jpg,solution
W017,solution_3.jpg,solution
W017,task_1.pdf,task
W017,task_2.pdf,task
W018,markup_1.jpg,markup
W018,markup_2.jpg,markup
W018,markup_3.jpg,markup
W018,solution_1.jpg,solution
W018,solution_2.jpg,solution
W018,solution_3.jpg,solution
W018,task_1.pdf,task
W018,task_2.pdf,task
W019,markup_1.jpg,markup
W019,markup_2.jpg,markup
W019,markup_3.jpg,markup
W019,markup_4.jpg,markup
W019,solution_1.jpg,solution
W019,solution_2.jpg,solution
W019,solution_3.jpg,solution
W019,solution_4.jpg,solution
W019,task_1.jpg,task
W020,markup_1.jpg,markup
W020,markup_2.jpg,markup
W020,markup_3.jpg,markup
W020,markup_4.jpg,markup
W020,markup_5.jpg,markup
W020,markup_6.jpg,markup
W020,solution_1.jpg,solution
W020,solution_2.jpg,solution
W020,solution_3.jpg,solution
W020,solution_4.jpg,solution
W020,solution_5.jpg,solution
W020,solution_6.jpg,solution
W020,task_1.jpg,task
W021,markup_1.jpg,markup
W021,markup_2.jpg,markup
W021,solution_1.jpg,solution
W021,solution_2.jpg,solution
W021,task_1.jpg,task
W022,markup_1.jpg,markup
W022,markup_2.jpg,markup
W022,markup_3.jpg,markup
W022,markup_4.jpg,markup
W022,solution_1.jpg,solution
W022,solution_2.jpg,solution
W022,solution_3.jpg,solution
W022,solution_4.jpg,solution
W022,task_1.jpg,task
W022,task_2.jpg,task
W023,markup_1.jpg,markup
W023,markup_2.jpg,markup
W023,markup_3.jpg,markup
W023,markup_4.jpg,markup
W023,solution_1.jpg,solution
W023,solution_2.jpg,solution
W023,solution_3.jpg,solution
W023,solution_4.jpg,solution
W023,task_1.jpg,task
W023,task_2.jpg,task
W024,markup_1.jpg,markup
W024,markup_10.jpg,markup
W024,markup_11.jpg,markup
W024,markup_2.jpg,markup
W024,markup_3.jpg,markup
W024,markup_4.jpg,markup
W024,markup_5.jpg,markup
W024,markup_6.jpg,markup
W024,markup_7.jpg,markup
W024,markup_8.jpg,markup
W024,markup_9.jpg,markup
W024,solution_1.jpg,solution
W024,solution_10.jpg,solution
W024,solution_11.jpg,solution
W024,solution_2.jpg,solution
W024,solution_3.jpg,solution
W024,solution_4.jpg,solution
W024,solution_5.jpg,solution
W024,solution_6.jpg,solution
W024,solution_7.jpg,solution
W024,solution_8.jpg,solution
W024,solution_9.jpg,solution
W024,task_1.jpg,task
W025,markup_1.jpg,markup
W025,markup_2.jpg,markup
W025,markup_3.jpg,markup
W025,markup_4.jpg,markup
W025,solution_1.jpg,solution
W025,solution_2.jpg,solution
W025,solution_3.jpg,solution
W025,solution_4.jpg,solution
W025,task_1.jpg,task
W026,markup_1.jpg,markup
W026,markup_2.jpg,markup
W026,markup_3.jpg,markup
W026,markup_4.jpg,markup
W026,markup_5.jpg,markup
W026,markup_6.jpg,markup
W026,markup_7.jpg,markup
W026,markup_8.jpg,markup
W026,markup_9.jpg,markup
W026,solution_1.jpg,solution
W026,solution_2.jpg,solution
W026,solution_3.jpg,solution
W026,solution_4.jpg,solution
W026,solution_5.jpg,solution
W026,solution_6.jpg,solution
W026,solution_7.jpg,solution
W026,solution_8.jpg,solution
W026,solution_9.jpg,solution
W026,task_1.jpg,task
W027,markup_1.jpg,markup
W027,markup_2.jpg,markup
W027,markup_3.jpg,markup
W027,markup_4.jpg,markup
W027,solution_1.jpg,solution
W027,solution_2.jpg,solution
W027,solution_3.jpg,solution
W027,solution_4.jpg,solution
W027,task_1.jpg,task
W028,markup_1.jpg,markup
W028,markup_2.jpg,markup
W028,markup_3.jpg,markup
W028,markup_4.jpg,markup
W028,markup_5.jpg,markup
W028,markup_6.jpg,markup
W028,markup_7.jpg,markup
W028,markup_8.jpg,markup
W028,solution_1.jpg,solution
W028,solution_2.jpg,solution
W028,solution_3.jpg,solution
W028,solution_4.jpg,solution
W028,solution_5.jpg,solution
W028,solution_6.jpg,solution
W028,solution_7.jpg,solution
W028,solution_8.jpg,solution
W028,task_1.pdf,task
W028,task_2.pdf,task
W029,markup_1.jpg,markup
W029,markup_2.jpg,markup
W029,solution_1.jpg,solution
W029,solution_2.jpg,solution
W029,task_1.pdf,task
W029,task_2.pdf,task
W030,markup_1.jpg,markup
W030,markup_2.jpg,markup
W030,solution_1.jpg,solution
W030,solution_2.jpg,solution
W030,task_1.pdf,task
W030,task_2.pdf,task
W031,markup_1.jpg,markup
W031,markup_2.jpg,markup
W031,markup_3.jpg,markup
W031,solution_1.jpg,solution
W031,solution_2.jpg,solution
W031,solution_3.jpg,solution
W031,task_1.pdf,task
W032,markup_1.jpg,markup
W032,markup_2.jpg,markup
W032,markup_3.jpg,markup
W032,markup_4.jpg,markup
W032,markup_5.jpg,markup
W032,markup_6.jpg,markup
W032,markup_7.jpg,markup
W032,markup_8.jpg,markup
W032,solution_1.jpg,solution
W032,solution_2.jpg,solution
W032,solution_3.jpg,solution
W032,solution_4.jpg,solution
W032,solution_5.jpg,solution
W032,solution_6.jpg,solution
W032,solution_7.jpg,solution
W032,solution_8.jpg,solution
W032,task_1.pdf,task
W033,markup_1.jpg,markup
W033,markup_2.jpg,markup
W033,markup_3.jpg,markup
W033,solution_1.jpg,solution
W033,solution_2.jpg,solution
W033,solution_3.jpg,solution
W033,task_1.jpg,task
W034,markup_1.jpg,markup
W034,markup_2.jpg,markup
W034,markup_3.jpg,markup
W034,markup_4.jpg,markup
W034,solution_1.jpg,solution
W034,solution_2.jpg,solution
W034,solution_3.jpg,solution
W034,solution_4.jpg,solution
W034,task_1.jpg,task
W035,markup_1.jpg,markup
W035,markup_2.jpg,markup
W035,markup_3.jpg,markup
W035,markup_4.jpg,markup
W035,markup_5.jpg,markup
W035,markup_6.jpg,markup
W035,solution_1.jpg,solution
W035,solution_2.jpg,solution
W035,solution_3.jpg,solution
W035,solution_4.jpg,solution
W035,solution_5.jpg,solution
W035,solution_6.jpg,solution
W035,task_1.jpg,task
W036,markup_1.jpg,markup
W036,markup_10.jpg,markup
W036,markup_11.jpg,markup
W036,markup_12.jpg,markup
W036,markup_13.jpg,markup
W036,markup_14.jpg,markup
W036,markup_15.jpg,markup
W036,markup_16.jpg,markup
W036,markup_2.jpg,markup
W036,markup_3.jpg,markup
W036,markup_4.jpg,markup
W036,markup_5.jpg,markup
W036,markup_6.jpg,markup
W036,markup_7.jpg,markup
W036,markup_8.jpg,markup
W036,markup_9.jpg,markup
W036,solution_1.jpg,solution
W036,solution_10.jpg,solution
W036,solution_11.jpg,solution
W036,solution_12.jpg,solution
W036,solution_13.jpg,solution
W036,solution_14.jpg,solution
W036,solution_15.jpg,solution
W036,solution_16.jpg,solution
W036,solution_2.jpg,solution
W036,solution_3.jpg,solution
W036,solution_4.jpg,solution
W036,solution_5.jpg,solution
W036,solution_6.jpg,solution
W036,solution_7.jpg,solution
W036,solution_8.jpg,solution
W036,solution_9.jpg,solution
W036,task_1.pdf,task
W037,markup_1.jpg,markup
W037,markup_2.jpg,markup
W037,markup_3.jpg,markup
W037,markup_4.jpg,markup
W037,markup_5.jpg,markup
W037,solution_1.jpg,solution
W037,solution_2.jpg,solution
W037,solution_3.jpg,solution
W037,solution_4.jpg,solution
W037,solution_5.jpg,solution
W037,task_1.jpg,task
W037,task_2.jpg,task
W038,markup_1.jpg,markup
W038,markup_2.jpg,markup
W038,markup_3.jpg,markup
W038,markup_4.jpg,markup
W038,markup_5.jpg,markup
W038,markup_6.jpg,markup
W038,solution_1.jpg,solution
W038,solution_2.jpg,solution
W038,solution_3.jpg,solution
W038,solution_4.jpg,solution
W038,solution_5.jpg,solution
W038,solution_6.jpg,solution
W038,task_1.jpg,task
W038,task_2.jpg,task
W039,markup_1.jpg,markup
W039,markup_10.jpg,markup
W039,markup_11.jpg,markup
W039,markup_12.jpg,markup
W039,markup_13.jpg,markup
W039,markup_14.jpg,markup
W039,markup_2.jpg,markup
W039,markup_3.jpg,markup
W039,markup_4.jpg,markup
W039,markup_5.jpg,markup
W039,markup_6.jpg,markup
W039,markup_7.jpg,markup
W039,markup_8.jpg,markup
W039,markup_9.jpg,markup
W039,solution_1.jpg,solution
W039,solution_10.jpg,solution
W039,solution_11.jpg,solution
W039,solution_12.jpg,solution
W039,solution_13.jpg,solution
W039,solution_14.jpg,solution
W039,solution_2.jpg,solution
W039,solution_3.jpg,solution
W039,solution_4.jpg,solution
W039,solution_5.jpg,solution
W039,solution_6.jpg,solution
W039,solution_7.jpg,solution
W039,solution_8.jpg,solution
W039,solution_9.jpg,solution
W039,task_1.pdf,task
W040,markup_1.jpg,markup
W040,markup_2.jpg,markup
W040,solution_1.jpg,solution
W040,solution_2.jpg,solution
W040,task_1.pdf,task
W041,markup_1.jpg,markup
W041,markup_2.jpg,markup
W041,markup_3.jpg,markup
W041,markup_4.jpg,markup
W041,markup_5.jpg,markup
W041,markup_6.jpg,markup
W041,solution_1.jpg,solution
W041,solution_2.jpg,solution
W041,solution_3.jpg,solution
W041,solution_4.jpg,solution
W041,solution_5.jpg,solution
W041,solution_6.jpg,solution
W041,task_1.jpg,task
W042,markup_1.jpg,markup
W042,markup_2.jpg,markup
W042,markup_3.jpg,markup
W042,markup_4.jpg,markup
W042,markup_5.jpg,markup
W042,solution_1.jpg,solution
W042,solution_2.jpg,solution
W042,solution_3.jpg,solution
W042,solution_4.jpg,solution
W042,solution_5.jpg,solution
W042,task_1.jpg,task
W043,markup_1.jpg,markup
W043,markup_2.jpg,markup
W043,markup_3.jpg,markup
W043,markup_4.jpg,markup
W043,markup_5.jpg,markup
W043,markup_6.jpg,markup
W043,markup_7.jpg,markup
W043,markup_8.jpg,markup
W043,solution_1.jpg,solution
W043,solution_2.jpg,solution
W043,solution_3.jpg,solution
W043,solution_4.jpg,solution
W043,solution_5.jpg,solution
W043,solution_6.jpg,solution
W043,solution_7.jpg,solution
W043,solution_8.jpg,solution
W043,task_1.pdf,task
W044,markup_1.jpg,markup
W044,markup_10.jpg,markup
W044,markup_11.jpg,markup
W044,markup_12.jpg,markup
W044,markup_13.jpg,markup
W044,markup_2.jpg,markup
W044,markup_3.jpg,markup
W044,markup_4.jpg,markup
W044,markup_5.jpg,markup
W044,markup_6.jpg,markup
W044,markup_7.jpg,markup
W044,markup_8.jpg,markup
W044,markup_9.jpg,markup
W044,solution_1.jpg,solution
W044,solution_10.jpg,solution
W044,solution_11.jpg,solution
W044,solution_12.jpg,solution
W044,solution_13.jpg,solution
W044,solution_2.jpg,solution
W044,solution_3.jpg,solution
W044,solution_4.jpg,solution
W044,solution_5.jpg,solution
W044,solution_6.jpg,solution
W044,solution_7.jpg,solution
W044,solution_8.jpg,solution
W044,solution_9.jpg,solution
W044,task_1.pdf,task
W044,task_2.pdf,task
W044,task_3.pdf,task
W044,task_4.pdf,task
W045,markup_1.jpg,markup
W045,markup_2.jpg,markup
W045,solution_1.jpg,solution
W045,solution_2.jpg,solution
W045,task_1.pdf,task
W045,task_2.pdf,task
W045,task_3.pdf,task
W045,task_4.pdf,task
W046,markup_1.jpg,markup
W046,markup_2.jpg,markup
W046,markup_3.jpg,markup
W046,markup_4.jpg,markup
W046,markup_5.jpg,markup
W046,markup_6.jpg,markup
W046,markup_7.jpg,markup
W046,solution_1.jpg,solution
W046,solution_2.jpg,solution
W046,solution_3.jpg,solution
W046,solution_4.jpg,solution
W046,solution_5.jpg,solution
W046,solution_6.jpg,solution
W046,solution_7.jpg,solution
W046,task_1.pdf,task
W047,markup_1.jpg,markup
W047,markup_2.jpg,markup
W047,markup_3.jpg,markup
W047,markup_4.jpg,markup
W047,markup_5.jpg,markup
W047,markup_6.jpg,markup
W047,solution_1.jpg,solution
W047,solution_2.jpg,solution
W047,solution_3.jpg,solution
W047,solution_4.jpg,solution
W047,solution_5.jpg,solution
W047,solution_6.jpg,solution
W047,task_1.jpg,task
W047,task_2.jpg,task
W047,task_3.jpg,task
W047,task_4.jpg,task
W048,markup_1.jpg,markup
W048,markup_2.jpg,markup
W048,markup_3.jpg,markup
W048,solution_1.jpg,solution
W048,solution_2.jpg,solution
W048,solution_3.jpg,solution
W048,solution_4.jpg,solution
W048,task_1.jpg,task
W049,markup_1.jpg,markup
W049,markup_2.jpg,markup
W049,markup_3.jpg,markup
W049,markup_4.jpg,markup
W049,solution_1.jpg,solution
W049,solution_2.jpg,solution
W049,solution_3.jpg,solution
W049,solution_4.jpg,solution
W049,task_1.jpg,task
W049,task_2.jpg,task
W049,task_3.jpg,task
W049,task_4.jpg,task
W050,markup_1.jpg,markup
W050,markup_2.jpg,markup
W050,markup_3.jpg,markup
W050,markup_4.jpg,markup
W050,markup_5.jpg,markup
W050,solution_1.jpg,solution
W050,solution_2.jpg,solution
W050,solution_3.jpg,solution
W050,solution_4.jpg,solution
W050,solution_5.jpg,solution
W050,task_1.jpg,task
W050,task_2.jpg,task
W050,task_3.jpg,task
W050,task_4.jpg,task
W051,markup_1.jpg,markup
W051,markup_10.jpg,markup
W051,markup_11.jpg,markup
W051,markup_12.jpg,markup
W051,markup_13.jpg,markup
W051,markup_14.jpg,markup
W051,markup_15.jpg,markup
W051,markup_2.jpg,markup
W051,markup_3.jpg,markup
W051,markup_4.jpg,markup
W051,markup_5.jpg,markup
W051,markup_6.jpg,markup
W051,markup_7.jpg,markup
W051,markup_8.jpg,markup
W051,markup_9.jpg,markup
W051,solution_1.jpg,solution
W051,solution_10.jpg,solution
W051,solution_11.jpg,solution
W051,solution_12.jpg,solution
W051,solution_13.jpg,solution
W051,solution_14.jpg,solution
W051,solution_15.jpg,solution
W051,solution_2.jpg,solution
W051,solution_3.jpg,solution
W051,solution_4.jpg,solution
W051,solution_5.jpg,solution
W051,solution_6.jpg,solution
W051,solution_7.jpg,solution
W051,solution_8.jpg,solution
W051,solution_9.jpg,solution
W051,task_1.pdf,task
W052,markup_1.jpg,markup
W052,markup_2.jpg,markup
W052,markup_3.jpg,markup
W052,markup_4.jpg,markup
W052,markup_5.jpg,markup
W052,markup_6.jpg,markup
W052,markup_7.jpg,markup
W052,markup_8.jpg,markup
W052,markup_9.jpg,markup
W052,solution_1.jpg,solution
W052,solution_2.jpg,solution
W052,solution_3.jpg,solution
W052,solution_4.jpg,solution
W052,solution_5.jpg,solution
W052,solution_6.jpg,solution
W052,solution_7.jpg,solution
W052,solution_8.jpg,solution
W052,solution_9.jpg,solution
W052,task_1.pdf,task
W053,markup_1.jpg,markup
W053,markup_2.jpg,markup
W053,markup_3.jpg,markup
W053,markup_4.jpg,markup
W053,markup_5.jpg,markup
W053,markup_6.jpg,markup
W053,solution_1.jpg,solution
W053,solution_2.jpg,solution
W053,solution_3.jpg,solution
W053,solution_4.jpg,solution
W053,solution_5.jpg,solution
W053,solution_6.jpg,solution
W053,task_1.jpg,task
W053,task_2.jpg,task
W053,task_3.jpg,task
W054,markup_1.jpg,markup
W054,markup_2.jpg,markup
W054,markup_3.jpg,markup
W054,markup_4.jpg,markup
W054,markup_5.jpg,markup
W054,markup_6.jpg,markup
W054,solution_1.jpg,solution
W054,solution_2.jpg,solution
W054,solution_3.jpg,solution
W054,solution_4.jpg,solution
W054,solution_5.jpg,solution
W054,solution_6.jpg,solution
W054,task_1.jpg,task
W054,task_2.jpg,task
W054,task_3.jpg,task
W055,markup_1.jpg,markup
W055,markup_10.jpg,markup
W055,markup_2.jpg,markup
W055,markup_3.jpg,markup
W055,markup_4.jpg,markup
W055,markup_5.jpg,markup
W055,markup_6.jpg,markup
W055,markup_7.jpg,markup
W055,markup_8.jpg,markup
W055,markup_9.jpg,markup
W055,solution_1.jpg,solution
W055,solution_10.jpg,solution
W055,solution_2.jpg,solution
W055,solution_3.jpg,solution
W055,solution_4.jpg,solution
W055,solution_5.jpg,solution
W055,solution_6.jpg,solution
W055,solution_7.jpg,solution
W055,solution_8.jpg,solution
W055,solution_9.jpg,solution
W055,task_1.jpg,task
W055,task_2.jpg,task
W056,markup_1.jpg,markup
W056,markup_2.jpg,markup
W056,markup_3.jpg,markup
W056,markup_4.jpg,markup
W056,markup_5.jpg,markup
W056,markup_6.jpg,markup
W056,markup_7.jpg,markup
W056,markup_8.jpg,markup
W056,solution_1.jpg,solution
W056,solution_2.jpg,solution
W056,solution_3.jpg,solution
W056,solution_4.jpg,solution
W056,solution_5.jpg,solution
W056,solution_6.jpg,solution
W056,solution_7.jpg,solution
W056,solution_8.jpg,solution
W056,task_1.jpg,task
W056,task_2.jpg,task
W057,markup_1.jpg,markup
W057,markup_2.jpg,markup
W057,markup_3.jpg,markup
W057,markup_4.jpg,markup
W057,markup_5.jpg,markup
W057,markup_6.jpg,markup
W057,solution_1.jpg,solution
W057,solution_2.jpg,solution
W057,solution_3.jpg,solution
W057,solution_4.jpg,solution
W057,solution_5.jpg,solution
W057,solution_6.jpg,solution
W057,task_1.jpg,task
W057,task_2.jpg,task
W057,task_3.pdf,task
W058,markup_2.jpg,markup
W058,solution_1.jpg,solution
W058,solution_2.jpg,solution
W058,task_1.jpg,task
W059,markup_1.jpg,markup
W059,markup_10.jpg,markup
W059,markup_2.jpg,markup
W059,markup_3.jpg,markup
W059,markup_4.jpg,markup
W059,markup_5.jpg,markup
W059,markup_6.jpg,markup
W059,markup_7.jpg,markup
W059,markup_8.jpg,markup
W059,markup_9.jpg,markup
W059,solution_1.jpg,solution
W059,solution_10.jpg,solution
W059,solution_2.jpg,solution
W059,solution_3.jpg,solution
W059,solution_4.jpg,solution
W059,solution_5.jpg,solution
W059,solution_6.jpg,solution
W059,solution_7.jpg,solution
W059,solution_8.jpg,solution
W059,solution_9.jpg,solution
W059,task_1.jpg,task
W059,task_2.jpg,task
W060,markup_1.jpg,markup
W060,markup_2.jpg,markup
W060,markup_3.jpg,markup
W060,markup_4.jpg,markup
W060,markup_5.jpg,markup
W060,solution_1.jpg,solution
W060,solution_2.jpg,solution
W060,solution_3.jpg,solution
W060,solution_4.jpg,solution
W060,solution_5.jpg,solution
W060,task_1.jpg,task
W060,task_2.jpg,task
W060,task_3.jpg,task
W060,task_4.jpg,task
W060,task_5.jpg,task
W060,task_6.jpg,task
W061,markup_1.jpg,markup
W061,markup_2.jpg,markup
W061,markup_3.jpg,markup
W061,markup_4.jpg,markup
W061,markup_5.jpg,markup
W061,markup_6.jpg,markup
W061,solution_1.jpg,solution
W061,solution_2.jpg,solution
W061,solution_3.jpg,solution
W061,solution_4.jpg,solution
W061,solution_5.jpg,solution
W061,solution_6.jpg,solution
W061,task_1.jpg,task
W061,task_2.jpg,task
W061,task_3.pdf,task
W062,markup_1.jpg,markup
W062,markup_2.jpg,markup
W062,markup_3.jpg,markup
W062,markup_4.jpg,markup
W062,markup_5.jpg,markup
W062,solution_1.jpg,solution
W062,solution_2.jpg,solution
W062,solution_3.jpg,solution
W062,solution_4.jpg,solution
W062,solution_5.jpg,solution
W062,task_1.pdf,task
W063,markup_1.jpg,markup
W063,markup_2.jpg,markup
W063,markup_3.jpg,markup
W063,markup_4.jpg,markup
W063,solution_1.jpg,solution
W063,solution_2.jpg,solution
W063,solution_3.jpg,solution
W063,solution_4.jpg,solution
W063,task_1.pdf,task
W064,markup_1.jpg,markup
W064,markup_2.jpg,markup
W064,markup_3.jpg,markup
W064,markup_4.jpg,markup
W064,markup_5.jpg,markup
W064,solution_1.jpg,solution
W064,solution_2.jpg,solution
W064,solution_3.jpg,solution
W064,solution_4.jpg,solution
W064,solution_5.jpg,solution
W064,task_1.pdf,task
W065,markup_1.jpg,markup
W065,markup_2.jpg,markup
W065,markup_3.jpg,markup
W065,markup_4.jpg,markup
W065,markup_5.jpg,markup
W065,solution_1.jpg,solution
W065,solution_2.jpg,solution
W065,solution_3.jpg,solution
W065,solution_4.jpg,solution
W065,solution_5.jpg,solution
W065,task_1.jpg,task
W066,markup_1.jpg,markup
W066,markup_2.jpg,markup
W066,markup_3.jpg,markup
W066,markup_4.jpg,markup
W066,markup_5.jpg,markup
W066,markup_6.jpg,markup
W066,markup_7.jpg,markup
W066,solution_1.jpg,solution
W066,solution_2.jpg,solution
W066,solution_3.jpg,solution
W066,solution_4.jpg,solution
W066,solution_5.jpg,solution
W066,solution_6.jpg,solution
W066,solution_7.jpg,solution
W066,task_1.jpg,task
W067,markup_1.jpg,markup
W067,markup_2.jpg,markup
W067,solution_1.jpg,solution
W067,solution_2.jpg,solution
W067,task_1.jpg,task
W068,markup_1.jpg,markup
W068,markup_2.jpg,markup
W068,markup_3.jpg,markup
W068,markup_4.jpg,markup
W068,solution_1.jpg,solution
W068,solution_2.jpg,solution
W068,solution_3.jpg,solution
W068,solution_4.jpg,solution
W068,task_1.jpg,task
W069,markup_1.jpg,markup
W069,markup_2.jpg,markup
W069,markup_3.jpg,markup
W069,markup_4.jpg,markup
W069,solution_1.jpg,solution
W069,solution_2.jpg,solution
W069,solution_3.jpg,solution
W069,solution_4.jpg,solution
W069,task_1.jpg,task
W070,markup_1.jpg,markup
W070,markup_2.jpg,markup
W070,markup_3.jpg,markup
W070,markup_4.jpg,markup
W070,markup_5.jpg,markup
W070,solution_1.jpg,solution
W070,solution_2.jpg,solution
W070,solution_3.jpg,solution
W070,solution_4.jpg,solution
W070,solution_5.jpg,solution
W070,task_1.jpg,task
W071,markup_1.jpg,markup
W071,markup_2.jpg,markup
W071,markup_3.jpg,markup
W071,markup_4.jpg,markup
W071,solution_1.jpg,solution
W071,solution_2.jpg,solution
W071,solution_3.jpg,solution
W071,solution_4.jpg,solution
W071,task_1.jpg,task
W072,markup_1.jpg,markup
W072,markup_2.jpg,markup
W072,markup_3.jpg,markup
W072,solution_1.jpg,solution
W072,solution_2.jpg,solution
W072,solution_3.jpg,solution
W072,task_1.jpg,task
W073,markup_1.jpg,markup
W073,markup_2.jpg,markup
W073,solution_1.jpg,solution
W073,solution_2.jpg,solution
W073,task_1.jpg,task
W074,markup_1.jpg,markup
W074,markup_10.jpg,markup
W074,markup_2.jpg,markup
W074,markup_3.jpg,markup
W074,markup_4.jpg,markup
W074,markup_5.jpg,markup
W074,markup_6.jpg,markup
W074,markup_7.jpg,markup
W074,markup_8.jpg,markup
W074,markup_9.jpg,markup
W074,solution_1.jpg,solution
W074,solution_10.jpg,solution
W074,solution_2.jpg,solution
W074,solution_3.jpg,solution
W074,solution_4.jpg,solution
W074,solution_5.jpg,solution
W074,solution_6.jpg,solution
W074,solution_7.jpg,solution
W074,solution_8.jpg,solution
W074,solution_9.jpg,solution
W074,task_1.pdf,task
W075,markup_1.jpg,markup
W075,markup_10.jpg,markup
W075,markup_11.jpg,markup
W075,markup_12.jpg,markup
W075,markup_13.jpg,markup
W075,markup_14.jpg,markup
W075,markup_15.jpg,markup
W075,markup_2.jpg,markup
W075,markup_3.jpg,markup
W075,markup_4.jpg,markup
W075,markup_5.jpg,markup
W075,markup_6.jpg,markup
W075,markup_7.jpg,markup
W075,markup_8.jpg,markup
W075,markup_9.jpg,markup
W075,solution_1.jpg,solution
W075,solution_10.jpg,solution
W075,solution_11.jpg,solution
W075,solution_12.jpg,solution
W075,solution_13.jpg,solution
W075,solution_14.jpg,solution
W075,solution_15.jpg,solution
W075,solution_2.jpg,solution
W075,solution_3.jpg,solution
W075,solution_4.jpg,solution
W075,solution_5.jpg,solution
W075,solution_6.jpg,solution
W075,solution_7.jpg,solution
W075,solution_8.jpg,solution
W075,solution_9.jpg,solution
W075,task_1.pdf,task
W076,markup_1.jpg,markup
W076,markup_2.jpg,markup
W076,markup_3.jpg,markup
W076,markup_4.jpg,markup
W076,markup_5.jpg,markup
W076,markup_6.jpg,markup
W076,solution_1.jpg,solution
W076,solution_2.jpg,solution
W076,solution_3.jpg,solution
W076,solution_4.jpg,solution
W076,solution_5.jpg,solution
W076,solution_6.jpg,solution
W076,task_1.pdf,task
W077,markup_1.jpg,markup
W077,solution_1.jpg,solution
W077,task_1.pdf,task
W078,markup_1.jpg,markup
W078,solution_1.jpg,solution
W078,task_1.pdf,task
W079,feedback.txt,feedback
W079,markup_1.jpg,markup
W079,markup_2.jpg,markup
W079,markup_3.jpg,markup
W079,markup_4.jpg,markup
W079,markup_5.jpg,markup
W079,markup_6.jpg,markup
W079,markup_7.jpg,markup
W079,solution_1.jpg,solution
W079,solution_2.jpg,solution
W079,solution_3.jpg,solution
W079,solution_4.jpg,solution
W079,solution_5.jpg,solution
W079,solution_6.jpg,solution
W079,solution_7.jpg,solution
W079,task.txt,
W079,task_1.jpg,task
W079,task_2.jpg,task
W080,feedback.txt,feedback
W080,markup_1.jpg,markup
W080,markup_2.jpg,markup
W080,markup_3.jpg,markup
W080,solution_1.jpg,solution
W080,solution_2.jpg,solution
W080,solution_3.jpg,solution
W080,task.txt,
W080,task_1.pdf,task
W081,feedback.txt,feedback
W081,markup_1.jpg,markup
W081,solution_1.jpg,solution
W081,task.txt,
W081,task_1.jpg,task
W082,feedback.txt,feedback
W082,markup_1.jpg,markup
W082,solution_1.jpg,solution
W082,task.txt,
W082,task_1.pdf,task
W083,feedback.txt,feedback
W083,markup_1.jpg,markup
W083,markup_2.jpg,markup
W083,solution_1.jpg,solution
W083,solution_2.jpg,solution
W083,task.txt,
W083,task_1.jpg,task
W084,feedback.txt,feedback
W084,markup_1.jpg,markup
W084,markup_2.jpg,markup
W084,markup_3.jpg,markup
W084,solution_1.jpg,solution
W084,solution_2.jpg,solution
W084,solution_3.jpg,solution
W084,solution_4.jpg,solution
W084,task.txt,
W084,task_1.pdf,task
W085,feedback.txt,feedback
W085,markup_1.jpg,markup
W085,markup_2.jpg,markup
W085,markup_3.jpg,markup
W085,solution_1.jpg,solution
W085,solution_2.jpg,solution
W085,solution_3.jpg,solution
W085,task.txt,
W085,task_1.pdf,task
W086,feedback.txt,feedback
W086,markup_1.jpg,markup
W086,solution_1.jpg,solution
W086,task.txt,
W086,task_1.jpg,task
W087,feedback.txt,feedback
W087,markup_1.jpg,markup
W087,markup_2.jpg,markup
W087,markup_3.jpg,markup
W087,markup_4.jpg,markup
W087,markup_5.jpg,markup
W087,markup_6.jpg,markup
W087,solution_1.jpg,solution
W087,solution_2.jpg,solution
W087,solution_3.jpg,solution
W087,solution_4.jpg,solution
W087,solution_5.jpg,solution
W087,solution_6.jpg,solution
W087,task.txt,
W087,task_1.jpg,task
W087,task_2.jpg,task
W088,feedback.txt,feedback
W088,markup_1.jpg,markup
W088,markup_2.jpg,markup
W088,markup_3.jpg,markup
W088,markup_4.jpg,markup
W088,solution_1.jpg,solution
W088,solution_2.jpg,solution
W088,solution_3.jpg,solution
W088,solution_4.jpg,solution
W088,task.txt,
W088,task_1.jpg,task
W088,task_2.jpg,task
W088,task_3.jpg,task
W088,task_4.jpg,task
W088,task_5.jpg,task
W088,task_6.jpg,task
W089,feedback.txt,feedback
W089,markup_1.jpg,markup
W089,markup_2.jpg,markup
W089,markup_3.jpg,markup
W089,markup_4.jpg,markup
W089,markup_5.jpg,markup
W089,solution_1.jpg,solution
W089,solution_2.jpg,solution
W089,solution_3.jpg,solution
W089,solution_4.jpg,solution
W089,solution_5.jpg,solution
W089,task.txt,
W089,task_1.pdf,task
W090,feedback.txt,feedback
W090,markup_1.jpg,markup
W090,solution_1.jpg,solution
W090,task.txt,
W090,task_1.pdf,task
W091,feedback.txt,feedback
W091,markup_1.jpg,markup
W091,markup_2.jpg,markup
W091,markup_3.jpg,markup
W091,markup_4.jpg,markup
W091,markup_5.jpg,markup
W091,solution_1.jpg,solution
W091,solution_2.jpg,solution
W091,solution_3.jpg,solution
W091,solution_4.jpg,solution
W091,solution_5.jpg,solution
W091,task.txt,
W091,task_1.jpg,task
W092,feedback.txt,feedback
W092,markup_1.jpg,markup
W092,solution_1.jpg,solution
W092,task.txt,
W092,task_1.pdf,task
W093,feedback.txt,feedback
W093,markup_1.jpg,markup
W093,markup_2.jpg,markup
W093,markup_3.jpg,markup
W093,markup_4.jpg,markup
W093,markup_5.jpg,markup
W093,solution_1.jpg,solution
W093,solution_2.jpg,solution
W093,solution_3.jpg,solution
W093,solution_4.jpg,solution
W093,solution_5.jpg,solution
W093,task.txt,
W093,task_1.jpg,task
W093,task_2.jpg,task
W094,feedback.txt,feedback
W094,markup_1.jpg,markup
W094,solution_1.jpg,solution
W094,task.txt,
W094,task_1.jpg,task
W095,feedback.txt,feedback
W095,markup_1.jpg,markup
W095,solution_1.jpg,solution
W095,task.txt,
W095,task_1.jpg,task
W095,task_2.jpg,task
W095,task_3.jpg,task
W095,task_4.jpg,task
W096,feedback.txt,feedback
W096,markup_1.jpg,markup
W096,markup_2.jpg,markup
W096,markup_3.jpg,markup
W096,markup_4.jpg,markup
W096,solution_1.jpg,solution
W096,solution_2.jpg,solution
W096,solution_3.jpg,solution
W096,solution_4.jpg,solution
W096,task.txt,
W096,task_1.jpg,task
W096,task_2.jpg,task
W096,task_3.jpg,task
W096,task_4.jpg,task
W097,feedback.txt,feedback
W097,markup_1.jpg,markup
W097,markup_2.jpg,markup
W097,markup_3.jpg,markup
W097,markup_4.jpg,markup
W097,markup_5.jpg,markup
W097,solution_1.jpg,solution
W097,solution_2.jpg,solution
W097,solution_3.jpg,solution
W097,solution_4.jpg,solution
W097,solution_5.jpg,solution
W097,task.txt,
W097,task_1.pdf,task
W098,feedback.txt,feedback
W098,markup_1.jpg,markup
W098,markup_2.jpg,markup
W098,solution_1.jpg,solution
W098,solution_2.jpg,solution
W098,task.txt,
W098,task_1.jpg,task
W098,task_2.jpg,task
W098,task_3.jpg,task
W099,feedback.txt,feedback
W099,markup_1.jpg,markup
W099,markup_2.jpg,markup
W099,markup_3.jpg,markup
W099,markup_4.jpg,markup
W099,markup_5.jpg,markup
W099,solution_1.jpg,solution
W099,solution_2.jpg,solution
W099,solution_3.jpg,solution
W099,solution_4.jpg,solution
W099,solution_5.jpg,solution
W099,solution_6.jpg,solution
W099,task.txt,
W099,task_1.jpg,task
W099,task_10.jpg,task
W099,task_2.jpg,task
W099,task_3.jpg,task
W099,task_4.jpg,task
W099,task_5.jpg,task
W099,task_6.jpg,task
W099,task_7.jpg,task
W099,task_8.jpg,task
W099,task_9.jpg,task
W100,feedback.txt,feedback
W100,markup_1.jpg,markup
W100,markup_2.jpg,markup
W100,solution_1.jpg,solution
W100,solution_2.jpg,solution
W100,task.txt,
W100,task_1.pdf,task
W101,feedback.txt,feedback
W101,markup_1.jpg,markup
W101,markup_2.jpg,markup
W101,solution_1.jpg,solution
W101,solution_2.jpg,solution
W101,task.txt,
W101,task_1.pdf,task
W102,feedback.txt,feedback
W102,markup_1.jpg,markup
W102,markup_10.jpg,markup
W102,markup_11.jpg,markup
W102,markup_12.jpg,markup
W102,markup_13.jpg,markup
W102,markup_14.jpg,markup
W102,markup_15.jpg,markup
W102,markup_16.jpg,markup
W102,markup_17.jpg,markup
W102,markup_18.jpg,markup
W102,markup_19.jpg,markup
W102,markup_2.jpg,markup
W102,markup_3.jpg,markup
W102,markup_4.jpg,markup
W102,markup_5.jpg,markup
W102,markup_6.jpg,markup
W102,markup_7.jpg,markup
W102,markup_8.jpg,markup
W102,markup_9.jpg,markup
W102,solution_1.jpg,solution
W102,solution_10.jpg,solution
W102,solution_11.jpg,solution
W102,solution_12.jpg,solution
W102,solution_13.jpg,solution
W102,solution_14.jpg,solution
W102,solution_15.jpg,solution
W102,solution_16.jpg,solution
W102,solution_17.jpg,solution
W102,solution_18.jpg,solution
W102,solution_19.jpg,solution
W102,solution_2.jpg,solution
W102,solution_3.jpg,solution
W102,solution_4.jpg,solution
W102,solution_5.jpg,solution
W102,solution_6.jpg,solution
W102,solution_7.jpg,solution
W102,solution_8.jpg,solution
W102,solution_9.jpg,solution
W102,task.txt,
W102,task_1.pdf,task
W103,feedback.txt,feedback
W103,markup_1.jpg,markup
W103,markup_2.jpg,markup
W103,solution_1.jpg,solution
W103,solution_2.jpg,solution
W103,task.txt,
W103,task_1.pdf,task
W104,feedback.txt,feedback
W104,markup_1.jpg,markup
W104,markup_2.jpg,markup
W104,markup_3.jpg,markup
W104,solution_1.jpg,solution
W104,solution_2.jpg,solution
W104,solution_3.jpg,solution
W104,task.txt,
W104,task_1.pdf,task
W105,feedback.txt,feedback
W105,markup_1.jpg,markup
W105,markup_2.jpg,markup
W105,markup_3.jpg,markup
W105,solution_1.jpg,solution
W105,solution_2.jpg,solution
W105,solution_3.jpg,solution
W105,task.txt,
W105,task_1.jpg,task
W105,task_2.jpg,task
W106,feedback.txt,feedback
W106,markup_1.jpg,markup
W106,markup_2.jpg,markup
W106,markup_3.jpg,markup
W106,markup_4.jpg,markup
W106,solution_1.jpg,solution
W106,solution_2.jpg,solution
W106,solution_3.jpg,solution
W106,solution_4.jpg,solution
W106,task.txt,
W106,task_1.pdf,task
W107,feedback.txt,feedback
W107,markup_1.jpg,markup
W107,markup_2.jpg,markup
W107,markup_3.jpg,markup
W107,markup_4.jpg,markup
W107,markup_5.jpg,markup
W107,markup_6.jpg,markup
W107,solution_1.jpg,solution
W107,solution_2.jpg,solution
W107,solution_3.jpg,solution
W107,solution_4.jpg,solution
W107,solution_5.jpg,solution
W107,solution_6.jpg,solution
W107,task.txt,
W107,task_1.jpg,task
W108,feedback.txt,feedback
W108,markup_1.jpg,markup
W108,markup_2.jpg,markup
W108,markup_3.jpg,markup
W108,solution_1.jpg,solution
W108,solution_2.jpg,solution
W108,solution_3.jpg,solution
W108,task.txt,
W108,task_1.pdf,task
W109,feedback.txt,feedback
W109,markup_1.jpg,markup
W109,markup_2.jpg,markup
W109,solution_1.jpg,solution
W109,solution_2.jpg,solution
W109,task.txt,
W109,task_1.jpg,task
W109,task_2.jpg,task
W110,feedback.txt,feedback
W110,markup_1.jpg,markup
W110,markup_2.jpg,markup
W110,markup_3.jpg,markup
W110,markup_4.jpg,markup
W110,markup_5.jpg,markup
W110,solution_1.jpg,solution
W110,solution_2.jpg,solution
W110,solution_3.jpg,solution
W110,solution_4.jpg,solution
W110,solution_5.jpg,solution
W110,task.txt,
W110,task_1.jpg,task
W111,feedback.txt,feedback
W111,markup_1.jpg,markup
W111,markup_2.jpg,markup
W111,markup_3.jpg,markup
W111,markup_4.jpg,markup
W111,solution_1.jpg,solution
W111,solution_2.jpg,solution
W111,solution_3.jpg,solution
W111,solution_4.jpg,solution
W111,task.txt,
W111,task_1.jpg,task
W112,feedback.txt,feedback
W112,markup_1.jpg,markup
W112,markup_2.jpg,markup
W112,markup_3.jpg,markup
W112,solution_1.jpg,solution
W112,solution_2.jpg,solution
W112,solution_3.jpg,solution
W112,task.txt,
W112,task_1.jpg,task
W113,feedback.txt,feedback
W113,markup_1.jpg,markup
W113,markup_2.jpg,markup
W113,markup_3.jpg,markup
W113,markup_4.jpg,markup
W113,solution_1.jpg,solution
W113,solution_2.jpg,solution
W113,solution_3.jpg,solution
W113,solution_4.jpg,solution
W113,task.txt,
W113,task_1.jpg,task
W114,feedback.txt,feedback
W114,markup_1.jpg,markup
W114,markup_2.jpg,markup
W114,solution_1.jpg,solution
W114,solution_2.jpg,solution
W114,task.txt,
W114,task_1.jpg,task
W114,task_2.jpg,task
W114,task_3.jpg,task
W115,feedback.txt,feedback
W115,markup_1.jpg,markup
W115,markup_2.jpg,markup
W115,solution_1.jpg,solution
W115,solution_2.jpg,solution
W115,task.txt,
W115,task_1.jpg,task
W115,task_2.jpg,task
W115,task_3.jpg,task
W115,task_4.jpg,task
W115,task_5.jpg,task
W115,task_6.jpg,task
W115,task_7.jpg,task
W116,feedback.txt,feedback
W116,markup_1.jpg,markup
W116,markup_2.jpg,markup
W116,solution_1.jpg,solution
W116,solution_2.jpg,solution
W116,task.txt,
W116,task_1.jpg,task
W116,task_2.jpg,task
W116,task_3.jpg,task
W117,feedback.txt,feedback
W117,markup_1.jpg,markup
W117,markup_2.jpg,markup
W117,markup_3.jpg,markup
W117,solution_1.jpg,solution
W117,solution_2.jpg,solution
W117,solution_3.jpg,solution
W117,task.txt,
W117,task_1.jpg,task
W117,task_2.jpg,task
W117,task_3.jpg,task
W118,feedback.txt,feedback
W118,markup_1.jpg,markup
W118,markup_2.jpg,markup
W118,markup_3.jpg,markup
W118,markup_4.jpg,markup
W118,markup_5.jpg,markup
W118,markup_6.jpg,markup
W118,solution_1.jpg,solution
W118,solution_2.jpg,solution
W118,solution_3.jpg,solution
W118,solution_4.jpg,solution
W118,solution_5.jpg,solution
W118,solution_6.jpg,solution
W118,task.txt,
W118,task_1.jpg,task
W118,task_2.jpg,task
W119,feedback.txt,feedback
W119,markup_1.jpg,markup
W119,markup_2.jpg,markup
W119,markup_3.jpg,markup
W119,markup_4.jpg,markup
W119,markup_5.jpg,markup
W119,markup_6.jpg,markup
W119,markup_7.jpg,markup
W119,markup_8.jpg,markup
W119,solution_1.jpg,solution
W119,solution_2.jpg,solution
W119,solution_3.jpg,solution
W119,solution_4.jpg,solution
W119,solution_5.jpg,solution
W119,solution_6.jpg,solution
W119,solution_7.jpg,solution
W119,solution_8.jpg,solution
W119,task_1.jpg,task
W120,feedback.txt,feedback
W120,markup_1.jpg,markup
W120,markup_2.jpg,markup
W120,solution_1.jpg,solution
W120,solution_2.jpg,solution
W120,task_1.jpg,task
W121,feedback.txt,feedback
W121,markup_1.jpg,markup
W121,markup_2.jpg,markup
W121,markup_3.jpg,markup
W121,solution_1.jpg,solution
W121,solution_2.jpg,solution
W121,solution_3.jpg,solution
W121,solution_4.jpg,solution
W121,solution_5.jpg,solution
W121,task_1.jpg,task
W122,feedback.txt,feedback
W122,markup_1.jpg,markup
W122,markup_2.jpg,markup
W122,markup_3.jpg,markup
W122,markup_4.jpg,markup
W122,markup_5.jpg,markup
W122,markup_6.jpg,markup
W122,solution_1.jpg,solution
W122,solution_2.jpg,solution
W122,solution_3.jpg,solution
W122,solution_4.jpg,solution
W122,solution_5.jpg,solution
W122,solution_6.jpg,solution
W122,task_1.jpg,task
W123,feedback.txt,feedback
W123,markup_1.jpg,markup
W123,markup_2.jpg,markup
W123,markup_3.jpg,markup
W123,solution_1.jpg,solution
W123,solution_2.jpg,solution
W123,solution_3.jpg,solution
W123,task_1.jpg,task
W123,task_2.jpg,task
W123,task_3.jpg,task
W123,task_4.jpg,task
W124,feedback.txt,feedback
W124,markup_1.jpg,markup
W124,markup_2.jpg,markup
W124,markup_3.jpg,markup
W124,markup_4.jpg,markup
W124,markup_5.jpg,markup
W124,markup_6.jpg,markup
W124,markup_7.jpg,markup
W124,markup_8.jpg,markup
W124,solution_1.jpg,solution
W124,solution_10.jpg,solution
W124,solution_11.jpg,solution
W124,solution_12.jpg,solution
W124,solution_13.jpg,solution
W124,solution_2.jpg,solution
W124,solution_3.jpg,solution
W124,solution_4.jpg,solution
W124,solution_5.jpg,solution
W124,solution_6.jpg,solution
W124,solution_7.jpg,solution
W124,solution_8.jpg,solution
W124,solution_9.jpg,solution
W124,task_1.jpg,task
W124,task_2.jpg,task
W124,task_3.jpg,task
W124,task_4.jpg,task
W125,feedback.txt,feedback
W125,markup_1.jpg,markup
W125,markup_2.jpg,markup
W125,markup_3.jpg,markup
W125,markup_4.jpg,markup
W125,solution_1.jpg,solution
W125,solution_2.jpg,solution
W125,solution_3.jpg,solution
W125,solution_4.jpg,solution
W125,task_1.jpg,task
W126,feedback.txt,feedback
W126,markup_1.jpg,markup
W126,markup_2.jpg,markup
W126,solution_1.jpg,solution
W126,solution_2.jpg,solution
W126,task_1.jpg,task
W127,feedback.txt,feedback
W127,markup_1.jpg,markup
W127,markup_2.jpg,markup
W127,markup_3.jpg,markup
W127,solution_1.jpg,solution
W127,solution_2.jpg,solution
W127,solution_3.jpg,solution
W127,task_1.jpg,task
W128,feedback.txt,feedback
W128,markup_1.jpg,markup
W128,solution_1.jpg,solution
W128,task_1.pdf,task
W129,feedback.txt,feedback
W129,markup_1.jpg,markup
W129,markup_2.jpg,markup
W129,markup_3.jpg,markup
W129,solution_1.jpg,solution
W129,solution_2.jpg,solution
W129,solution_3.jpg,solution
W129,task_1.jpg,task
W130,feedback.txt,feedback
W130,markup_1.jpg,markup
W130,markup_2.jpg,markup
W130,solution_1.jpg,solution
W130,solution_2.jpg,solution
W130,task_1.jpg,task
W130,task_2.jpg,task
W131,feedback.txt,feedback
W131,markup_1.jpg,markup
W131,solution_1.jpg,solution
W131,solution_2.jpg,solution
W131,solution_3.jpg,solution
W131,solution_4.jpg,solution
W131,solution_5.jpg,solution
W131,task_1.pdf,task
W132,feedback.txt,feedback
W132,markup_1.jpg,markup
W132,markup_2.jpg,markup
W132,markup_3.jpg,markup
W132,markup_4.jpg,markup
W132,solution_1.jpg,solution
W132,solution_2.jpg,solution
W132,solution_3.jpg,solution
W132,solution_4.jpg,solution
W132,task_1.jpg,task
W133,feedback.txt,feedback
W133,markup_1.jpg,markup
W133,markup_2.jpg,markup
W133,markup_3.jpg,markup
W133,markup_4.jpg,markup
W133,solution_1.jpg,solution
W133,solution_2.jpg,solution
W133,solution_3.jpg,solution
W133,solution_4.jpg,solution
W133,task_1.jpg,task
W134,feedback.txt,feedback
W134,markup_1.jpg,markup
W134,markup_2.jpg,markup
W134,markup_3.jpg,markup
W134,markup_4.jpg,markup
W134,solution_1.jpg,solution
W134,solution_2.jpg,solution
W134,solution_3.jpg,solution
W134,solution_4.jpg,solution
W134,task_1.jpg,task
W135,feedback.txt,feedback
W135,markup_1.jpg,markup
W135,solution_1.jpg,solution
W135,task_1.jpg,task
W136,feedback.txt,feedback
W136,markup_1.jpg,markup
W136,markup_2.jpg,markup
W136,markup_3.jpg,markup
W136,solution_1.jpg,solution
W136,solution_2.jpg,solution
W136,solution_3.jpg,solution
W136,solution_4.jpg,solution
W136,task_1.jpg,task
W137,feedback.txt,feedback
W137,markup_1.jpg,markup
W137,solution_1.jpg,solution
W137,solution_2.jpg,solution
W137,solution_3.jpg,solution
W137,solution_4.jpg,solution
W137,solution_5.jpg,solution
W137,solution_6.jpg,solution
W137,task_1.pdf,task
W138,feedback.txt,feedback
W138,markup_1.jpg,markup
W138,markup_2.jpg,markup
W138,markup_3.jpg,markup
W138,markup_4.jpg,markup
W138,markup_5.jpg,markup
W138,markup_6.jpg,markup
W138,solution_1.jpg,solution
W138,solution_2.jpg,solution
W138,solution_3.jpg,solution
W138,solution_4.jpg,solution
W138,solution_5.jpg,solution
W138,solution_6.jpg,solution
W138,task_1.jpg,task
