work_id,task_no,is_correct,error_step,error_type,is_consequence,explanation,notes
W001,В1-1.1,1,,,,,
W001,В1-1.2,1,,,,,
W001,В1-2.1,0,,,,"Подкоренное выражение может быть равно нулю: 0 ≤ 3x − 2, ответ [2/3; 2), а не (2/3; 2)",
W001,В1-2.2,1,,,,,
W001,В1-2.3,1,,,,,"Не отмечено проверяющим: промежуточная строка 4 − 5x = 0 вместо ≥ 0 и квадратная скобка у −∞ в ответе [−∞; 0,8] (мелочи в записи). Проверяющий: +"
W001,В1-3.1,1,,,,,
W001,В1-3.2,,,,,,Не дорешано; подсказка проверяющего: перенести √x в правую часть
W001,В1-4,0,,,,"При переносе знак должен смениться: x² + 4x + 3 > 0, а не < 0","Итоговый ответ (−1; +∞) верный, но не следует из шагов; итогового +/− нет"
W001,В2-1.1,1,,,,,
W001,В2-1.2,1,,,,,
W001,В2-2.1,0,,,,Правая часть не возведена в квадрат: должно быть 3 − 2x ≤ 49,
W001,В2-2.1,0,,,,"Подкоренное выражение может быть равно нулю: 0 ≤ 3 − 2x; верный ответ [−23; 1,5]",
W001,В2-2.2,0,,,,"Нестрогое неравенство: 6 − 6x ≥ 0, ответ (−∞; 1], а не (−∞; 1)",
W001,В2-2.3,1,,,,,
W001,В2-3.1,1,,,,,
W001,В2-3.2,,,,,,Не решено; подсказка проверяющего: перенести √x вправо
W001,В2-4,0,,,,"При переносе знак неравенства не сменён: 26 − x < x² + 8x + 16 ⇔ x² + 9x − 10 > 0, а не < 0; из записанной системы ответ (1; 26] не следует","Проверяющий поставил ×. Итоговый ответ (1; 26] верный; та же ошибка со знаком, что в В1-4"
W002,1,1,,,,,
W002,2,1,,,,,
W002,3,1,,,,,
W002,4,1,,,,,
W002,5,1,,,,,"В тетради номер обведён так, что похож на 8"
W002,6,1,,,,,
W002,7,1,,,,,
W002,8,1,,,,,
W002,9,0,,,,"Перепутаны знаки производной: при x < 4 y' < 0, при x > 4 y' > 0, значит x = 4 — точка минимума; ответ 4, а не «нет точки минимума»",
W002,10,1,,,,,
W002,11,1,,,,,
W002,12,1,,,,,
W002,13,1,,,,,
W002,14,1,,,,,
W002,15,0,,,,"Неверная производная: (11 − x)' = −1, а не 1; дальше 1 + 11 − x превратилось в 10 − x — две ошибки компенсируют друг друга; верно y' = e^{x+11}(10 − x)","Нет разметки, вердикт по сути. Ответ 10 верный. На знаковой прямой «−, +» (это минимум), но подписано max"
W002,16,,,,,,не решено
W002,17,,,,,,не решено
W002,18,,,,,,не решено
W002,19,0,,,,"Ответ не на вопрос: спрашивали наибольшее значение на [−17; −2], а записана точка минимума −1 (вне отрезка); наибольшее значение y(−5) = 7","Нет разметки, вердикт по сути. Производная и критические точки −5, −1 найдены верно"
W003,5а,1,,,,,"Деление на cos x без обоснования, что cos x ≠ 0 не теряет корней; проверяющий не снял"
W003,5б,1,,,,,
W003,6а,1,,,,,
W003,6б,0,,,,x₄ отсчитан не от той точки: −5π/2 + π/6 вместо −9π/2 + π/6; вышло −7π/3 (вне отрезка) вместо −13π/3,
W003,7а,1,,,,,
W003,7б,1,,,,,
W004,1,1,,,,,
W004,2,,,,,,"Не дорешано; полный разбор в feedback.docx, ответ [−1; 3]"
W004,3,0,,,,"x ≤ 4/3 — нестрогое неравенство, ответ (−1/2; 4/3], а не (−1/2; 4/3)",Проверяющий поставил +; скобка на фото круглая (подтверждено)
W004,4,0,,,,"Ошибка при сложении: 3,6 + 2,4 = 6, а не 5; верно 6 < 2x + y < 6,3",
W004,5,0,,,,"Неравенство 3 − 5x < 0 не решено, ответ взят наугад; верно x > 0,6, ответ (0,6; +∞)",
W004,5,0,,,,Квадратная скобка у бесконечности: +∞],"Мелочь в записи, на фоне основной ошибки"
W004,6,,,,,,"Не решено; разбор в feedback.docx: D: x ≤ 2/3, E: y ≥ 0"
W004,7,0,,,,"Задача просит целые решения, а в ответе промежуток [4,5; 10); нужно 5, 6, 7, 8, 9",Само решение системы верное
W005,В1-1б,1,,,,,
W005,В1-2,0,,,,"Знак не определён по четверти: при π < α < 3π/2 sin α < 0, ответ −5/13, а не 5/13",
W005,В1-3.2,1,,,,,
W005,В1-3.3,1,,,,,
W005,В1-4,0,,,,"После верного 2 sin 60° cos 15° дважды записано cos 75°, и сокращено cos 75°/(−sin 75°) = −1 — это верно только для cos 15° = sin 75°","Проверяющий поставил +. Ответ −√3 верный; возможно, описка — если считаешь её мелочью записи, ставь 1"
W005,В1-5,1,,,,,
W005,В2-2,0,,,,"Знак не определён по четверти: при π < α < 3π/2 cos α < 0, ответ −3/5",
W005,В2-3.1,1,,,,,
W005,В2-3.2,0,,,,"Не доупрощено: 1 − 2 sin α cos α = (sin α − cos α)², ответ 1/(sin α − cos α)","Итоговой отметки нет, только подсказка проверяющего; умножение в знаменателе записано похоже на минус"
W005,В2-3.3,1,,,,,
W005,В2-4,1,,,,,
W005,В2-5,1,,,,,
W006,25.1а,0,,,,"Потеряна серия корней: sin²x = 0 даёт x = πk, в ответе её нет",Проверяющий поставил +; номер в тетради похож на 23.1; степени записаны как sin x³ вместо sin³x
W006,26.4а,0,,,,Не решено уравнение sin x − 1 = 0: потеряна серия x = π/2 + 2πk,
W006,29.1а,,,,,,Не дорешано: верно сведено к 2t³ + √2t² − 2t − √2 = 0; подсказка проверяющего: (t − 1)(t + 1)(t + √2/2) = 0
W006,30.2а,,,,,,"Не решено, записано только условие"
W007,4.3,1,,,,,
W007,4.11,1,,,,,"Опечатка: x² − 6x − 7x вместо x² − 6x − 7, на решение не повлияла"
W007,5.4,0,,,,"4/12 = 1/3, а не 0,3: корень записан неверно",
W007,5.12,,,,,,Начато и зачёркнуто
W007,6.3,,,,,,"Не решено, записано только условие"
W007,7.2,0,,,,"Ошибка при раскрытии скобок: x² − (3x − 10) = x² − 3x + 10; у этого множителя D < 0, а получены лишние корни 5 и −2",
W007,7.2,0,,,,"(−3 − 7)/2 = −5, а не 5; верный ответ −5; 2",Также записано D = 9 − 40 = 49 вместо 9 + 40
W007,7.5,0,,,,"Та же ошибка: x² − (x − 6) = x² − x + 6, у него D < 0; лишние корни 3 и −2, верный ответ 2; −3","Итоговой отметки нет, проверяющий исправил знак"
W007,8.3,0,,,,"При x = 1: y = 7 · 1 − 5 = 2; верный ответ (1; 2), (5/7; 0)","В строке «= 0», в ответе (1; 3) — несогласованно"
W007,8.7,1,,,,,В тетради подписано как 4)
W008,14.6а,1,,,,,"Логика верная: HE — проекция MK, средняя линия △ABN ⇒ H — середина AB ⇒ M — середина A₁B₁. Не обосновано, почему основания именно MK = 2 и AN = 4 (MK ∥ AN как следы сечения на параллельных основаниях; HE = MK < AN); опечатка ½AK вместо ½AN; на чертеже N не на BC. Проверяющий: 1б"
W008,14.6б,1,,,,,"Ответ √3 верный. Без пояснений: равенство △AMH и △KEN, BE = EN = x (E — середина BN), ∠B = 120°, BC = 4x из B₁K:KC₁ = 1:3. Проверяющий: 2б"
W008,14.3а,1,,,,,"A₁M = BM = √(x² + y²) — верно. Треугольник записан как △A₁CM вместо △A₁C₁M; не сказано, что A₁C₁ = AC = y и что CC₁ ⊥ (A₁B₁C₁); сечение на чертеже не выделено. Проверяющий: 1б"
W008,14.3б,1,,,,,"Ответ 2√11 верный. Проверяющий поставил «?» у MH = √(x² + 4 − x² − 1), но шаг верный: (A₁B/2)² = (4x² + 4)/4 = x² + 1. Не выписана т. Пифагора для A₁B = √(4x² + 4); первая строка похожа на «ΔB = 2» вместо AB = 2; боковая сторона на чертеже подписана как √(x + 4). Проверяющий: 2б"
W009,Б1-1,1,,,,,
W009,Б1-2,1,,,,,
W009,Б1-3,1,,,,,
W009,Б1-4,1,,,,,
W009,Б1-5,1,,,,,
W009,Б1-6,1,,,,,
W009,Б1-7,1,,,,,
W009,Б1-8,1,,,,,
W009,Б1-9,1,,,,,
W009,Б1-10,1,,,,,
W009,Б1-11,1,,,,,
W009,Б1-12,1,,,,,
W009,Б1-13А,1,,,,,
W009,Б1-13Б,0,,,,"Неверный знак координаты: b(2; −1), а не (2; 1); a·b = 6 − 4 = 2, а не 10",В Б1-6 на том же рисунке b(2; −1) прочитан верно; проверяющий исправил на 2
W009,Б1-14А,1,,,,,
W009,Б1-14Б,1,,,,,
W009,Б2-1,1,,,,,
W009,Б2-2,1,,,,,
W009,Б2-3,1,,,,,
W009,Б2-4,1,,,,,
W009,Б2-5,1,,,,,
W009,Б2-6,1,,,,,"Ошибка 2,4² = 4,16 исправлена самим учеником"
W009,Б2-7,1,,,,,
W009,Б2-8,1,,,,,
W009,Б2-9,1,,,,,"Записано a + 2b − c вместо a + 2b − 3c, но считалось с 3c"
W009,Б2-10,0,,,,"Ошибка в вычислении: 1 − 6 + 16 = 11, а не −21; a − b + 4c = (0; 11), длина 11, а не 21",Проверяющий поставил +
W009,Б2-11,0,,,,"Неверные знаки координат по рисунку: a(−1; −2), b(6; −1), c(−7; 2); a + b − c = (12; −5), длина 13, а не 5","Проверяющий поставил +; модули координат у ученика верные, ошибка в знаках; первая попытка зачёркнута"
W009,Б2-12,0,,,,"Все три вектора взяты в обратном направлении (начало минус конец): a(−3; 5), b(−2; −4), c(−8; 3)","Ответ 15 верный только потому, что длина не меняется при смене знака всего вектора; проверяющий поставил +"
W009,Б2-13,,,,,,"Начато и зачёркнуто, у ученика «?»; нет разметки"
W009,Б2-14,,,,,,"Начато и зачёркнуто, у ученика «?»; нет разметки"
W009,Б2-15,,,,,,"Начато и зачёркнуто, у ученика «?»; нет разметки"
W009,Б2-17,1,,,,,
W009,Б2-18,1,,,,,
W009,Б2-19,1,,,,,
W009,Б2-20,1,,,,,
W009,Б2-21,1,,,,,
W009,Б2-22,1,,,,,
W009,Б2-23,1,,,,,
W009,Б2-24,1,,,,,
W009,Б2-25,0,,,,"Вместо скалярного произведения координаты перемножены покомпонентно, и найдена длина вектора (−16; −30); ответ 34 — длина, а не значение выражения",Проверяющий поставил +
W009,Б2-25,0,,,,"Неверно прочитаны b и c: b(1; −6) (взят в обратном направлении), c(−5; 2) (координаты переставлены); верно: a − b = (6; 6), (a − b)·c = −30 + 12 = −18",
W009,Б2-26,0,,,,"Вместо скалярного произведения координаты перемножены покомпонентно, и найдена длина вектора (20; 0)",С координатами ученика ответ случайно совпал бы: 5·4 + 0·3 = 20; проверяющий поставил +
W009,Б2-26,0,,,,"Неверно прочитаны координаты: a вертикальный, a(0; 5), а не (5; 0); b(5; 1) и c(−9; −4) взяты в обратном направлении; верно: b + c = (−4; −3), a·(b + c) = −15",
W009,Б2-27,0,,,,"Оба вектора взяты в обратном направлении: a(−3; 1), b(−4; −8), у ученика a(3; −1), b(4; 8)","Ответ 8 верный, так как (−a)·(−b) = a·b; проверяющий поставил +"
W009,Б2-28,0,,,,"a и b прочитаны с рисунка в обратном направлении: a(3; 6), b(1; −4); верно a·2b = 6 − 48 = −42, а не −36","Нет разметки, вердикт по сути. У ученика a(−3; −6), b(−2; 4)"
W009,Б2-29,1,,,,,"Нет разметки, вердикт по сути. Ответ 3/5 верный"
W009,Б2-30,0,,,,"√3600 = 60, а не 36: cos = 48/60 = 0,8, а не 4/3","Нет разметки, вердикт по сути. Косинус > 1 ученик не заметил"
W009,Б2-31,0,,,,"Ошибка в вычислении: 8 + (−32) = −24, а не −26; cos α = −24/40 = −0,6","Проверяющий исправил, но итог записал «0,6» без минуса"
W009,Б2-32,0,,,,"В знаменателе сумма вместо произведения: |a|·|b| = √(50·50) = 50, а не √(50 + 50) = 10; cos α = −0,8","Ответ −4 невозможен для косинуса, ученик не заметил"
W009,Б2-33,,,,,,"Начато и зачёркнуто, у ученика «?»"
W009,Б2-34,0,,,,"В знаменателе сумма вместо произведения: √(10·90) = 30, а не √(10 + 90) = 10; cos = 1, а не 3","Та же ошибка, что в Б2-32; проверяющий исправил и дописал формулу"
W009,Б2-34,0,,,,"Оба вектора взяты в обратном направлении: a(3; 1), b(9; 3)",На ответ не влияет; не отмечено проверяющим
W009,Б2-35,,,,,,"Начато и зачёркнуто, у ученика «?»"
W009,Б2-36,,,,,,"Начато и зачёркнуто, у ученика «?»"
W010,Б1-1,1,,,,,
W010,Б1-2,1,,,,,
W010,Б1-3,1,,,,,
W010,Б1-4,1,,,,,
W010,Б1-5,1,,,,,
W010,Б1-6,1,,,,,
W010,Б1-7,1,,,,,
W010,Б1-8,1,,,,,
W010,Б1-9,1,,,,,
W010,Б1-10,1,,,,,
W010,Б1-11,1,,,,,
W010,Б1-12,1,,,,,
W010,Б1-13А,1,,,,,Первая попытка 13–14 зачёркнута самим учеником
W010,Б1-13Б,1,,,,,
W010,Б1-14А,0,,,,"Ошибка при сложении: 35 + 6 = 41, а не 31",Проверяющий исправил
W010,Б1-14Б,0,,,,"Ошибка при умножении: 8 · 7 = 56, а не 72; ответ 71, а не 87",Проверяющий исправил
W010,Б2-1,1,,,,,
W010,Б2-2,1,,,,,
W010,Б2-3,1,,,,,
W010,Б2-4,1,,,,,
W010,Б2-5,1,,,,,"0,6b подписан как b(−5,4; 2,4)"
W010,Б2-6,1,,,,,
W010,Б2-7,1,,,,,
W010,Б2-8,1,,,,,
W010,Б2-9,1,,,,,
W010,Б2-10,1,,,,,
W010,Б2-11,1,,,,,
W010,Б2-12,1,,,,,Первая попытка вычисления длины зачёркнута
W010,Б2-13,1,,,,,4c подписан как c(−8; −12)
W010,Б2-14,1,,,,,
W010,Б2-15,1,,,,,
W010,Б2-16,0,,,,"Длина не может быть отрицательной: a − 2,7b + 0,4c = (−3,1; 0), длина 3,1, а не −3,1",Координаты и вектор найдены верно; проверяющий исправил и подписал «не может быть отриц.»
W010,Б2-17,1,,,,,Длины записаны как a = 2√3 вместо |a| = 2√3
W010,Б2-18,1,,,,,
W010,Б2-19,1,,,,,
W010,Б2-20,1,,,,,
W010,Б2-21,1,,,,,
W010,Б2-22,1,,,,,
W010,Б2-23,1,,,,,
W010,Б2-24,0,,,,"Ошибка при умножении: 6 · 7 = 42, а не 56; ответ 70, а не 84",Проверяющий исправил
W010,Б2-25,0,,,,"Ошибка в знаке: a − b = (6; 6), так как 0 − (−6) = 6, а не −6; (a − b)·c = −30 + 12 = −18, а не −42",Координаты по рисунку верные; проверяющий исправил
W010,Б2-26,1,,,,,
W010,Б2-27,1,,,,,
W010,Б2-28,0,,,,"Ошибка при умножении: 6 · (−8) = −48, а не −46; ответ −42, а не −40",Проверяющий исправил
W010,Б2-29,1,,,,,
W010,Б2-30,1,,,,,
W010,Б2-31,1,,,,,
W010,Б2-32,1,,,,,
W010,Б2-33,1,,,,,
W010,Б2-34,1,,,,,
W010,Б2-35,1,,,,,
W010,Б2-36,1,,,,,
W011,1.1,1,,,,,
W011,1.2,1,,,,,
W011,1.3,1,,,,,
W011,1.4,1,,,,,
W011,1.5,1,,,,,
W011,1.6,1,,,,,
W011,1.7,1,,,,,
W011,1.8,1,,,,,
W011,1.9,1,,,,,
W011,1.10,1,,,,,
W011,1.11,1,,,,,
W011,1.12,1,,,,,
W011,2.1,1,,,,,
W011,2.2,1,,,,,
W011,2.3,1,,,,,
W011,2.4,1,,,,,
W011,2.5,1,,,,,
W011,2.6,1,,,,,
W011,3.1,1,,,,,Вторая попытка рядом зачёркнута
W011,3.2,1,,,,,
W011,3.3,1,,,,,
W011,3.4,,,,,,"Не решено. В листе 3.4: y = −7 + 243x − x³ на [−9; 9] (ответ 1451), ученик переписал без куба (−x), проверяющий написал «опечатка в задании». Номер в тетради похож на 1)"
W011,3.5,1,,,,,
W011,3.6,1,,,,,
W011,3.7,1,,,,,
W011,3.8,1,,,,,
W011,4.1,1,,,,,
W011,4.2,1,,,,,
W011,4.3,1,,,,,
W011,4.4,0,,,,"При делении на 3 разделён только первый член: 42x − 3x² = 0 ⇒ 14x − x² = 0, корни 0 и 14, а не 0 и 14/3",Ответ 5 верный (минимум в x = 0); проверяющий поставил +
W011,4.5,1,,,,,
W011,4.6,1,,,,,
W011,4.7,0,,,,"Ошибка в вычислении: y(−1) = −1 + 6 − 9 + 21 = 17, а не 18",Проверяющий исправил на 17
W011,4.7,0,,,,"Неверные корни по теореме Виета: x² + 4x + 3 = 0 ⇒ x = −3 и −1, а не 4 и −1",На ответ не влияет: −3 — конец отрезка [−3; 0]; не отмечено проверяющим
W011,4.8,1,,,,,
W011,5.1,1,,,,,
W011,5.2,1,,,,,
W011,6.1,1,,,,,
W011,6.2,1,,,,,
W011,7.1,1,,,,,Первая попытка зачёркнута
W011,7.2,1,,,,,
W011,7.3,1,,,,,
W011,7.4,1,,,,,
W011,8.1,1,,,,,
W011,8.2,0,,,,"Ошибка в вычислении: 6 · 36 = 216, а не 96; y(36) = 144 − 216 − 5 = −77, а не 43",Проверяющий: «неправильно посчитала здесь»
W011,8.3,0,,,,"Ошибка в вычислении: 36√36 = 216, а не 96; y(36) = 216 − 324 + 23 = −85, а не −205","Та же ошибка 6 · 36 = 96, что в 8.2; проверяющий исправил"
W011,8.4,1,,,,,
W011,9.1,1,,,,,
W011,9.2,1,,,,,
W011,9.3,1,,,,,
W011,9.4,1,,,,,
W011,10.1,1,,,,,
W011,10.2,1,,,,,Свободный член записан неразборчиво (43 или 93); на производную не влияет
W011,10.3,1,,,,,Свободный член записан как −402 вместо −398 (−400 − 2 вместо −400 + 2); на производную не влияет
W011,10.4,1,,,,,
W011,11.1,0,,,,"Ошибка при раскрытии скобок: −(x + 3) = −x − 3, а не −x + 3; y' = −e^{3−x}(x + 2), точка максимума −2, а не 4",Проверяющий исправил
W011,11.2,0,,,,"Та же ошибка: −(x + 2) = −x − 2; y' = −e^{2−x}(x + 1), точка максимума −1, а не 3",Проверяющий исправил
W011,11.3,1,,,,,"В скобке (1 + 4 − x) вместо (−1 + 4 − x), получилось x = 5, ученик исправил ответ на 3 без исправления скобки — описка, исправлена самим учеником"
W011,11.4,1,,,,,
W011,12.1,1,,,,,
W011,12.2,1,,,,,
W011,12.3,0,,,,"Ошибка при раскрытии скобок: −(7 − x) = −7 + x; y' = e^{7−x}(x − 8), точка минимума 8, а не −8","Проверяющий не отметил: нет ни +, ни исправления (подтверждено по фото)"
W011,12.4,0,,,,"Та же ошибка: −(3 − x) = −3 + x; y' = e^{3−x}(x − 4), точка минимума 4, а не −4",Проверяющий исправил
W011,13.1,1,,,,,
W011,13.3,1,,,,,
W011,14.1,0,,,,"Выбрана точка максимума: y' = e^{x+13}·x(x − 9), знаки + − +, минимум в x = 9, а не 0",Проверяющий подписал «max» у x = 0
W011,14.3,1,,,,,Нет отметки проверяющего
W011,15.1,1,,,,,"Первая попытка зачёркнута; в дискриминанте записано 58² + 3·4·280 вместо 58² − 4·3·280, результат 4 верный"
W011,15.3,,,,,,"Начато и зачёркнуто, у ученика «?»"
W011,16.1,0,,,,"Ошибка при умножении: 6 · 7 = 42, а не 56; y' = 3x² + 26x + 51 = (x + 3)(3x + 17), а не 3x² + 26x + 65 с D < 0; верный ответ 10 (в x = −3)","Решение остановлено на D < 0, у ученика «?»; проверяющий советует раскрывать скобки. 56 подтверждено по фото"
W011,16.3,1,,,,,
W011,17.1,1,,,,,
W011,17.3,0,,,,"Ошибка при раскрытии скобок: 1 − (x − 27) = 28 − x, а не −x − 26; точка максимума 28, наибольшее значение y(28) = 1",Проверяющий расставил скобки
W011,17.3,0,,,,"При подстановке потерян множитель e^{28−x}: y(−26) = −53·e^{54}, а не −53",
W011,18.1,1,,,,,
W011,18.3,1,,,,,
W011,19.1,1,,,,,
W011,19.3,1,,,,,
W011,20.1,0,,,,"В формуле производной частного плюс вместо минуса: для y = −(x² + 1)/x y' = (1 − x²)/x², точка максимума x = 1","Ответ 0 вне области определения; ученик: «не уверена, что так нужно решать»; проверяющий выписал формулу (u/v)'"
W011,21,,,,,,"Не решено, у ученика «?»"
W011,22,,,,,,"Не решено, у ученика «?»"
W011,23,,,,,,"Не решено, у ученика «?»"
W012,1,0,,,,"Биссектриса делит прямой угол C: ∠BCD = 45°, ∠BCM = 90° − 35° = 55°, искомый угол 55° − 45° = 10°; ученик разделил пополам угол B (35 : 2 = 17,5)",Проверяющий исправил: 55 − 45 = 10
W012,2,1,,,,,
W012,3,,,,,,"Номер записан, решения нет (верный ответ 132: образующая = R√2)"
W012,4,1,,,,,
W012,5,1,,,,,"Нестандартный, но верный ход: P(хотя бы в одном останется) = 1 − 0,13 = 0,87 = 0,7 + 0,7 − a"
W012,6,1,,,,,
W012,7,1,,,,,
W012,8,0,,,,"Перевёрнуто отношение: k = Δy/Δx = −2/10 = −0,2, а ученик нашёл Δx/Δy = 10/(−2) = −5",Проверяющий исправил
W012,9,1,,,,,
W012,10,1,,,,,
W012,11,1,,,,,
W012,12,0,,,,"Ответ не на вопрос: спрашивали точку минимума; y' = 3x(x − 16), знаки + − +, минимум в x = 16, а 0 — точка максимума",Ученик сам подписал «т. max»; проверяющий поставил +
W012,13а,0,,,,При переносе −√6 превратилось в +4: должно быть 4sin²x + (√8 + 12)sin x + √6 = 0,Проверяющий обвёл √6 и поставил «?»; 0б за задачу
W012,13а,0,,,,После замены sin x = t потеряна переменная в линейных членах: 4t² + √8 + 12 + 4 = 0 вместо 4t² + (√8 + 12)t + …,Решение не доведено
W012,13б,,,,,,Не решено
W012,15,0,,,,"9^{x+1} = 3^{2x+2}, а не 3^{2x+1}; числитель t³ − 9t² + 27t − 27 = (t − 3)³","Проверяющий: «это 3-я степень? ничего не понятно», расписал ФСУ; 0б"
W012,15,0,,,,Переход от t³ − t³ + t³ − 27 к (t − 3) ничем не обоснован и неверен (t³ − 27 ≠ t − 3),"Ответ (−∞; 1] верный, но не следует из шагов"
W012,15,0,,,,"Метод рационализации применён без названия и обоснования; ОДЗ x ≠ 1,1 записано, но не решено","Проверяющий: «здесь прописать, что это рационализация + обосновать её», «над оформлением работаем!»"
W013,1а,1,,,,,"Степени записаны как sin x² вместо sin²x. Пункт б) не решён (нарисована окружность с 5π/4 и 7π/4, отбора на [3π/2; 3π] нет). Проверяющий: +"
W013,2а,1,,,,,"Нет разметки, вердикт по сути. cos(2x − 3π/2) = −sin 2x, sin x(2cos x + √2) = 0, x = πn, ±3π/4 + 2πn. Множитель −1 при вынесении sin x опущен (на уравнение = 0 не влияет)"
W013,3а,0,,,,"Потеряна серия корней: уравнение cos x − 1 = 0 записано, но не решено; в ответе нет x = 2πn",Проверяющий дописал cos x = 1 ⇒ x = 2πn; итогового +/− нет. У этого же ученика та же ошибка в 25.1а и 26.4а (W006)
W013,4а,1,,,,,"Степени записаны как sin x⁴, sin(2x)². Проверяющий: +"
W014,1,0,,,,"Неверно найдена производная: (4t)' = 4, а не 4t; x'(t) = t + 4, x'(2) = 6, а не 10","Проверяющий исправил: «производная 4t ⇒ 4», «= 6»"
W014,2,1,,,,,
W014,3,1,,,,,"В первой строке производной +45t вместо +45, в следующей строке исправлено"
W014,4,1,,,,,"Корень записан как (−4 + 90)/2 — похоже, 20 написано как 90; результат 8 верный"
W014,5,1,,,,,
W014,6,1,,,,,Число 180 в t² − 8t − 180 = 0 записано похоже на 110; одна строка зачёркнута
W014,7.1,1,,,,,
W014,7.2,1,,,,,
W014,7.3,1,,,,,
W014,7.4,1,,,,,
W014,7.5,1,,,,,
W014,7.6,,,,,,Номер без решения
W014,7.7,,,,,,Номер без решения
W014,7.8,0,,,,"Потерян знак углового коэффициента: касательная убывает, проходит через (−5; 5) и (3; −1), k = −6/8 = −0,75, а не 0,75",Проверяющий поставил +. Минуса в тетради нет (в 7.2 и 7.3 ученик его пишет)
W014,7.9,,,,,,Номер без решения
W014,7.10,,,,,,Номер без решения
W014,7.11,,,,,,Номер без решения
W014,7.12,,,,,,Номер без решения
W014,7.13,,,,,,Номер без решения
W014,7.14,,,,,,Номер без решения
W014,8,0,,,,"Взята точка максимума производной (x = 3, где f'(x) = 3), а не нуль производной: f'(x) = 0 при x = 4","Проверяющий: −. Только ответ, без решения"
W014,9,0,,,,Записан угловой коэффициент (y = 3) вместо абсциссы: f'(x) = 3 при x = 5,Проверяющий: −
W014,10а,,,,,,Начато и зачёркнуто: записано f'(x) = 0 (верная идея); у проверяющего «?»
W014,10б,,,,,,Начато и зачёркнуто; у проверяющего «?»
W014,11,0,,,,"В точке −1 вершина графика, f'(−1) ≈ 0; наибольшая производная в точке −2, где функция круто возрастает",Проверяющий: −. Только ответ
W014,12,0,,,,"В точке 3 минимум функции, f'(3) ≈ 0; наименьшая производная в точке −1, где функция круто убывает",Проверяющий: −. Только ответ
W014,13,0,,,,"В точке 2 вершина графика, f'(2) ≈ 0; наибольшая производная в точке −1, где функция круто возрастает",Проверяющий: −. Только ответ
W014,14,0,,,,"В точке 1 функция возрастает, f'(1) > 0; наименьшая производная в точке 2, где функция круто убывает (в точке 3 она только начинает убывать после вершины)",Проверяющий: −. Только ответ
W014,15а,0,,,,"Не доведено до ответа на вопрос: найдена ордината точки касания y(1) = 7, но c не найдено; нужно f(1) = 3 − 3 + c = 7 ⇒ c = 7","Ответ 7 совпал, потому что f(1) = c; проверяющий поставил +. Перед 6x − 3 = 3 лишняя строка 6x − 3 = 0"
W015,4а,1,,,,,"Построение описано верно (KL ∥ AB в ABD, KN ∥ CD в ACD, NM ∥ AB в ABC; сечение KLMN), но не обосновано, что LM ∥ CD и что KLMN — параллелограмм. Проверяющий: один + на всю задачу"
W015,4б,1,,,,,"Ответ 90° верный. Записано KM = ½CD = 3 вместо KN; не сказано, что NM = KL = ½AB = 4 и что угол между AB и CD равен ∠KNM (NM ∥ AB, KN ∥ CD)"
W015,5а,1,,,,,"Логика верная: MO — средняя линия △A₁B₁C ⇒ MO ∥ A₁C ⇒ MO ⊂ α ⇒ O ∈ α. Не сказано, что O — середина B₁C; ссылка на «признак параллельности» вместо нужного свойства. Отдельной отметки нет"
W015,5б,1,,,,,"Ответ arccos 0,64 верный (cos = 16/25). Не описано, как направлены оси координат; 16/25 записано похоже на −6/25. Проверяющий: +"
W015,7,1,,,,,"Ответ 3 верный, но найдено расстояние от O, а не от A: не обосновано, что ρ(A; BSC) = ρ(O; BSC), так как AO ∥ BC ⇒ AO ∥ (BSC) (позже error_type = presentation). SOM ⊥ BC записано похоже на SOM ∥ BC. Проверяющий: +"
W016,1.2,0,,,,"Перепутаны максимум и минимум: знаки y' «+ − +», точка максимума −5, а не 5",Проверяющий обвёл −5
W016,1.6,1,,,,,
W016,1.12,1,,,,,
W016,2.2,1,,,,,Строка с корнями x = ±4 зачёркнута/неразборчива
W016,2.3,1,,,,,
W016,2.5,1,,,,,
W016,3.5,1,,,,,
W016,3.7,1,,,,,
W016,3.8,1,,,,,"Не отмечено, что x = 4 ∉ [−1; 3]"
W016,4.1,1,,,,,"Второй корень записан неразборчиво (3x(8 − x) = 0, x = 8 ∉ [−5; 6]) — на ответ не влияет"
W016,4.3,1,,,,,"Не отмечено, что x = 6 ∉ [−4; 4]"
W016,4.7,1,,,,,
W016,5.1,1,,,,,Знак производной не исследован (почему x = 144 — минимум)
W016,5.2,1,,,,,"Знак производной не исследован. После 5.2 зачёркнута попытка «3) y = x^{3/2} − 3x + …», пункта 5.3 в условии нет — строку не заводим"
W016,6.1,1,,,,,Записано y = 3/2·√x вместо 9 = 3/2·√x
W016,6.2,1,,,,,
W016,7.1,1,,,,,"Концы отрезка не проверены (единственная критическая точка — максимум, на ответ не влияет)"
W016,7.2,1,,,,,Записано 6 · 48 − 32 вместо 6 + 48 − 32
W016,7.3,1,,,,,
