work_id,task_no,is_correct,explanation,notes
W017,4,1,,"Ответ 14 км/ч, проверяющий поставил +. Первая попытка с числом 106 зачёркнута; в строке «105(x+16) − 105x = 4» пропущено x(x+16) справа, в следующей строке исправлено"
W017,6,1,,"Ответ 18 км/ч, проверяющий поставил +. В строке «153(x+16) − 153x = 4» пропущено x(x+16) справа, в следующей строке исправлено"
W018,1,1,,"Номера по варианту № 79266553 (task_1). Ответ 25 км/ч, проверяющий поставил +"
W018,3,1,,"Ответ 15 км/ч, проверяющий поставил +"
W018,7,1,,"Ответ 18 км/ч, проверяющий поставил +"
W018,11,1,,"Ответ 4 км/ч, проверяющий поставил +"
W019,1,0,"Доказательство DE ∥ AC построено по кругу: равенство соответственных углов ∠BDE = ∠BAC, ∠BED = ∠BCA постулируется без обоснования, из него выводится параллельность и подобие «по 1-му признаку». Верно: BD/BA = BE/BC = 1/3 и общий ∠B ⇒ △DBE ~ △ABC (2-й признак) ⇒ ∠BDE = ∠BAC ⇒ DE ∥ AC",Строка «1» — пункт «Доказать». Проверяющий поставил +
W019,1а,1,,"DE : AC = 1/3, проверяющий поставил +; отношения BD/BA и BE/BC = 1/3 посчитаны здесь"
W019,1б,1,,"P_ABC : P_DBE = 3 : 1, проверяющий поставил +"
W019,1в,1,,"S_DBE : S_ABC = 1 : 9, проверяющий поставил +"
W019,3,0,"Доказательства нет: перечислены свойства трапеции (BC ∥ AD, равные высоты, суммы углов 180°) без вывода из условия; в «Дано» BC = 8 вместо 9. Верно: △ABC ~ △DCA (6/10 = 9/15 = 15/25 = 3/5) ⇒ ∠BCA = ∠CAD ⇒ BC ∥ AD, а BC ≠ AD, значит ABCD — трапеция",Проверяющий поставил +
W020,3,0,"Неверно разложен знаменатель: x²+5x+6 = (x+2)(x+3), у ученика (x+1)(x+2); отсюда граница −2 вместо −3. Верный ответ (−∞; −3) ∪ [0; 1], у ученика (−∞; −2) ∪ (0; 1)","Проверяющий: «внимательнее», стрелка на −2; оценка 1б (ПРОВЕРЬ: 1б или 2б)"
W020,3,0,"Концы 0 и 1 не включены в ответ, хотя неравенство нестрогое и при x = 0, x = 1 выражение равно 0: должно быть [0; 1]",ПРОВЕРЬ: по фото скобки у (0; 1) читаются как круглые; проверяющий отдельно не отмечал
W021,1,0,"Доказательство DE ∥ AC по кругу: углы ∠BDE = ∠BAC, ∠BED = ∠BCA названы «равными как соответственные» — это уже предполагает DE ∥ AC; длины отрезков не использованы. Верно: BD/BA = BE/BC = 1/3 и общий ∠B ⇒ △DBE ~ △ABC ⇒ ∠BDE = ∠BAC ⇒ DE ∥ AC",Строка «1» — пункт «Доказать». Проверяющий поставил +
W021,1а,1,,"DE : AC = BD : BA = 1/3, проверяющий поставил +"
W021,1б,1,,"P_ABC : P_DBE = 3 : 1, проверяющий поставил +"
W021,1в,1,,"S_DBE : S_ABC = 1 : 9, проверяющий поставил +"
W024,4.5,1,,Проверяющий поставил +
W024,4.13,1,,Проверяющий поставил +
W024,4.14,1,,"Первая попытка вычислений зачёркнута (верх стр. 2), решение продолжено на стр. 3; проверяющий поставил +"
W024,5.11,1,,"Первая попытка зачёркнута; описка в промежуточной строке 4x² − 21x + 28 (должно +26), D посчитан с 26 верно; ответ 3,25; 2; проверяющий поставил +"
W024,5.13,1,,"Формула корней записана с −51 и −28 (для −14x² + 51x − 45 = 0), результат 1,5; 15/7 верный; проверяющий поставил +"
W024,6.2,1,,"ПРОВЕРЬ: подкоренные числа в ответе перекрыты красными «3» проверяющего, что было у ученика — неразборчиво; в решении x = 2 ± √3, проверяющий поставил + у обоих корней"
W024,6.4,1,,"Описка: во второй ветке x − 4 = √7 без минуса, далее x = −√7 + 4 верно; проверяющий поставил +"
W024,6.6,1,,"ПРОВЕРЬ: небрежная запись 5 под корнем (в строке x = √5+3 похоже на 6, во втором корне ответа похоже на √3); по решению (x−3)² = 5 ответ 3 ± √5; проверяющий поставил +"
W024,7.1,1,,Первая запись условия зачёркнута; проверяющий поставил +
W024,8.1,1,,"Описка x₁ = (7+1)/6 = 8/3 (похоже, должно 8/6), далее 4/3 верно; ответ (4/3; 0), (1; −1); проверяющий поставил +"
W025,5.11,1,,Проверяющий поставил +
W026,4.13,1,,Проверяющий поставил +
W026,4.14,1,,"Описка (x − 49)² и x − 49 = 0 вместо x² − 49, но корни ±7 верные; «7» в ответе похожа на 4; проверяющий поставил +"
W026,5.3,1,,Первая попытка с D зачёркнута; проверяющий поставил +
W026,5.5,1,,"Описка x₂ = −4/20 = 1/5 (минус потерян в записи), в ответе −1/5 верно; проверяющий поставил +"
W026,5.11,1,,"Описка −3(x−3) = −3x + 6 (должно +9), свободный член затем исправлен на −26, ответ 2; 3,25 верный; проверяющий поставил +"
W026,5.13,1,,Проверяющий поставил +
W026,6.2,1,,Проверяющий поставил +
W026,6.4,1,,Проверяющий поставил +
W026,6.6,1,,Проверяющий поставил +
W026,7.1,1,,Описка: «D > 0 — нет корней» вместо D < 0; проверяющий поставил +
W026,7.4,1,,Проверяющий поставил +
W027,3,0,"Не учтено ОДЗ x(x+3) ≥ 0: в ответ попал промежуток (−2; 0), где √(x²+3x) не определён","ПРОВЕРЬ: ответ читается как «(−∞; 3) ∪ (2; 3]», вероятно (−∞; −3) ∪ (−2; 3] с пропущенными минусами"
W028,109,1,,"Номера по сборнику «Задачник ОГЭ 2026 (тренажер)», задание 21 (task_2), блок 1. Ответ 78 кг, проверяющий поставил +"
W028,114,1,,"Ответ 288 кг, проверяющий поставил +"
W028,121,1,,"Ответ 13, проверяющий поставил +"
W028,126,0,"Корни найдены с ошибкой: для −x² − 6x + 280 = 0 деление на 2 вместо 2a = −2, получено x = 20 вместо x = 14 (скорость второго); затем не прибавлено 6. Две ошибки компенсировались, ответ 20 совпал с верным (14 + 6 = 20)",Проверяющий поставил +
W028,127,0,"Описка в ответе: в решении x = 13, в ответ записано 23 (√D = 23). Также в строке «130x − 130(x−3) = 3x² − 3x» справа должно быть 3x² − 9x (далее уравнение x² − 3x − 130 = 0 верное)",ПРОВЕРЬ: проверяющий исправил первую цифру ответа красной «1» и поставил +; под ней видна синяя 2
W028,129,1,,"Ответ 26, проверяющий поставил +"
W029,97,1,,"Номера по сборнику «Задачник ОГЭ 2026 (тренажер)», задание 21 (task_2); у ученика номер подписан неразборчиво («№9…»), по числам (10 кг, 16 кг, 55%, 61%) это №97. Ответ 87%, проверяющий поставил +"
W029,121,1,,"Ответ 13 деталей, проверяющий поставил +"
W029,127,1,,"Ответ 13 л/мин, проверяющий поставил +"
W030,97,1,,"Номера по сборнику «Задачник ОГЭ 2026 (тренажер)», задание 21 (task_2); номер у ученика неразборчив, по числам это №97. Ответ 87%, проверяющий поставил +"
W030,109,1,,"Ответ 78 кг, проверяющий поставил +. После «x = 1716 : 22 = 78» есть лишняя строка «x = 79» (описка), в ответе 78"
W031,Б1-1,1,,"Нумерация: Б1 — блок 1 (ФИПИ), Б2 — блок 2 (расширенная версия) раздела «15. Треугольники». Проверяющий поставил +"
W031,Б1-2,1,,Проверяющий поставил +
W031,Б1-3,1,,Проверяющий поставил +
W031,Б1-4,1,,Проверяющий поставил +
W031,Б1-5,1,,Проверяющий поставил +
W031,Б1-6,1,,Проверяющий поставил +
W031,Б1-7,1,,Проверяющий поставил +
W031,Б1-8,1,,Проверяющий поставил +
W031,Б1-9,1,,Проверяющий поставил +
W031,Б1-10,1,,Проверяющий поставил +
W031,Б1-11,1,,Проверяющий поставил +
W031,Б1-12,1,,Проверяющий поставил +
W031,Б1-13,1,,Проверяющий поставил +
W031,Б1-17,1,,Проверяющий поставил +
W031,Б1-18,1,,Проверяющий поставил +
W031,Б1-20,1,,Только sinB = 5/8 и ответ 20 без выкладок; проверяющий поставил +
W031,Б1-21,1,,Проверяющий поставил +
W031,Б1-22,1,,Ответ 28 без выкладок; проверяющий поставил +
W031,Б2-1а,1,,(180 − 66) : 3 = 38; проверяющий поставил +
W031,Б2-1б,1,,(180 − 110) : 2 = 35; проверяющий поставил +
W031,Б2-2,1,,Самоисправление 63 → 58; проверяющий поставил +
W031,Б2-3,1,,Проверяющий поставил +
W031,Б2-27,1,,Проверяющий поставил +
W032,Б1-1,1,,"Нумерация: Б1 — блок 1 (ФИПИ), Б2 — блок 2 (расширенная версия) раздела «15. Треугольники». Проверяющий поставил +"
W032,Б1-2,1,,Проверяющий поставил +
W032,Б1-3,1,,Проверяющий поставил +
W032,Б1-4,1,,Проверяющий поставил +
W032,Б1-5,1,,Проверяющий поставил +
W032,Б1-6,1,,Проверяющий поставил +
W032,Б1-7,1,,Проверяющий поставил +
W032,Б1-8,1,,Проверяющий поставил +
W032,Б1-9,1,,Проверяющий поставил +
W032,Б1-10,1,,Проверяющий поставил +
W032,Б1-11,1,,"38/19 = 40/MN, MN = 20 (ответ обведён у края листа, «Ответ: 20» на след. странице); проверяющий поставил +"
W032,Б1-12,1,,Проверяющий поставил +
W032,Б1-13,1,,После №13 полностью зачёркнутый фрагмент (номер не определить) — не размечен; проверяющий поставил +
W032,Б1-16,1,,"R = AB/2 = 41/2 = 20,5; проверяющий поставил +"
W032,Б1-17,1,,Проверяющий поставил +
W032,Б1-18,1,,Проверяющий поставил +
W032,Б1-19,1,,Проверяющий поставил +
W032,Б1-20,1,,Проверяющий поставил +
W032,Б1-21,1,,Проверяющий поставил +
W032,Б1-22,1,,Проверяющий поставил +
W032,Б2-1а,1,,Проверяющий поставил +
W032,Б2-1б,1,,Проверяющий поставил +
W032,Б2-2,1,,Проверяющий поставил +
W032,Б2-3,1,,Проверяющий поставил +
W032,Б2-4,1,,"AB = AM = 7, AC = 14; проверяющий поставил +"
W032,Б2-5,1,,"MH = HC = 2,5, AH = 10 − 2,5 = 7,5; проверяющий поставил +"
W032,Б2-6,1,,"MH = HC = 34 ⇒ △BMC равнобедренный, ∠AMB = 180 − 49 = 131; проверяющий поставил +"
W032,Б2-7,1,,180 − 29 − 39 = 112; проверяющий поставил +
W032,Б2-8,1,,"25,5 + 38,5 = 64, ∠NAM = 116; проверяющий поставил +"
W033,1,1,,"Ответ [−2,3; log₅6) ∪ [2,5; +∞) верный; основная часть решения зачёркнута самим учеником, переходы не обоснованы (найдены только нули и расставлены знаки). Проверяющий: «Как к этому пришли?», 0б — ПРОВЕРЬ: 0б за необоснованность, ошибки в выкладках нет"
W034,2,1,,"Ответ (−∞; −1] ∪ [2; +∞) верный; переход от −1 ≤ −2/x ≤ 2 к x не расписан. Проверяющий: «Обосновывать смену знака», «А дальше?», «Эту часть нужно расписать, не понятно как пришли к ответу», «ОДЗ x ≠ 0», 0б — ПРОВЕРЬ: 0б за необоснованность, ошибки нет"
W035,7.5,1,,"Нумерация: «Задание N, пункт k» → N.k. Проверяющий поставил +"
W035,7.6,1,,Ответ −4; 1; проверяющий поставил +
W035,7.7,1,,Ответ −4; 2; проверяющий поставил +
W035,9.4,1,,"Первая попытка (markup_2): найден только x = 3, без y; переделано на markup_6 — ответ (3; 4), (3; −4), проверяющий поставил +"
W035,9.8,0,"Не найдены значения y: в ответе только x = 3; верный ответ (3; 3), (3; −3)",Проверяющий поставил + с комментарием «но ещё y надо найти»
W035,9.12,1,,"Ответ (3; 7), (4; 5) исключено по ОДЗ; проверяющий поставил +. Вверху markup_6 — ещё одна концовка того же решения с ответом (3; 7)"
W036,22,0,"Неверное утверждение ∠ABD = ∠BAD = 45° в решении (как в №21, 23, 24); на ответ не влияет",Ответ 11 верный; проверяющий поставил +
W037,575,1,,Отрезки 18 и 32 мм; проверяющий поставил +
W037,576,1,,Гипотенуза 61 см; проверяющий поставил +. Начало решения на фото не видно
W037,577,1,,Отрезки 25/13 и 144/13 см; проверяющий поставил +. Подписано «№547» (описка в номере)
W037,579,1,,"A₁C₁ = 3,15 м; проверяющий поставил +"
W037,580,1,,"Высота 6,936 м; проверяющий поставил +. ПРОВЕРЬ: обведённый ответ читается как 6,9836 или 6,936 (в столбике 6,936)"
W038,575,1,,Отрезки 18 и 32 мм; проверяющий поставил +
W039,Б1-5.5,1,,"ПРОВЕРЬ: у ученика «½·3·8 = 1», цифру 2 дописал проверяющий (возможно, скрыта чертой)"
W039,Б1-6.7,1,,"ПРОВЕРЬ: (2+10)/2·6 = 36, первая цифра похожа на 5 (56?); проверяющий поставил +"
W039,Б1-10.9,1,,Ответ не дописан: AB = 3/3 = … (итог 1 не записан); проверяющий поставил +. ПРОВЕРЬ
W039,Б1-12.4,,,"ПРОВЕРЬ: начато «4) S₁…» внизу markup_9, продолжения на фото нет (верный ответ 5)"
W040,Б1-1.6,1,,"ПРОВЕРЬ: ответ прочитан как 9 (плохо видно, похоже на 3)"
W040,Б1-9.2,0,"Неверный ответ: AC = 8, средняя линия 4; у ученика 5,5","Проверяющий перечеркнул всё задание; ПРОВЕРЬ: ответ читается как 5,5 (возможно, исправлено)"
W040,Б1-11.1,0,"Неверный ответ: основания 1 и 7, средняя линия 4; у ученика 4,5","Проверяющий зачеркнул 4,5 и написал 4; ПРОВЕРЬ: перед 4,5 у ученика зачёркнуто 13,5"
W040,Б1-12.1,0,"Неверный ответ: R = 2, r = 1, ответ 4",Проверяющий перечеркнул всё задание; ПРОВЕРЬ: ответ ученика под зачёркиванием неразборчив
W040,Б1-12.7,0,"Неверный ответ: R² = 4, r² = 2, ответ 2",Проверяющий перечеркнул всё задание; ПРОВЕРЬ: ответ ученика под зачёркиванием неразборчив
W040,Б2-4.6,0,Неверный ответ: S = 25 − 3 − 3 − 3 = 16; у ученика 15,Проверяющий поставил +; ПРОВЕРЬ: прочитано как 15
W040,Б2-4.7,1,,"ПРОВЕРЬ: ответ прочитан как 11 (записано слитно, похоже на «u»)"
W040,Б2-4.8,1,,ПРОВЕРЬ: ответ прочитан как 9 (неразборчиво)
W040,Б2-5.9,0,Неверный ответ: S = 42 − 16 = 26; у ученика 16,Проверяющий зачеркнул и написал 26; ПРОВЕРЬ: зачёркнутый ответ ученика прочитан как 16
W041,7.5,0,"Вычислительная ошибка: x₂ = 4/2 = 2, у ученика записано другое число (вероятно 4); ответ «−3; 4» вместо −3; 2","Нумерация: «Задание N, пункт k» → N.k. Проверяющий исправил на 2 в x₂ и в ответе. ПРОВЕРЬ: исходная цифра под исправлением неразборчива (4 или 1)"
W041,7.6,1,,Ответ −4; 1; проверяющий поставил +
W041,7.7,1,,Ответ −4; 2; проверяющий поставил +
W041,8.8,1,,"Ответ (1,25; 0), (2; 6); проверяющий поставил +. В записи системы 4x² − 5 = y пропущен x (описка)"
W041,9.4,1,,"Ответ (3; 4), (3; −4); проверяющий поставил +"
W041,9.8,1,,"Ответ (3; 3), (3; −3); проверяющий поставил +"
W042,8.4,0,"Ошибка в формуле корней: знаменатель 5 вместо 2a = 10, x = (16 ± 6)/5 = 2; 4,4; верно x = 2,2; 1. Ответ (2; −1), (4,4; 11) неверен, верно (1; −6), (2,2; 0)","Нумерация: «№N (k)» → N.k (Задание N, пункт k). Проверяющий зачеркнул только (4,4; 11), хотя (2; −1) тоже неверна. ПРОВЕРЬ: красные «+»/«−» в строке 5x² − 11x … 5x … 11 = 0 — неясно, что исправлено; следующая строка 5x² − 16x + 11 = 0 верна"
W042,8.8,1,,"Ответ (2; 6), (1,25; 0); проверяющий поставил +"
W042,8.12,1,,"Ответ (1; 7), (−1; 7); проверяющий поставил +"
W044,15-Б1-17,0,"Ошибка в преобразовании дроби: sinB = 9/15 = 3/5 = 0,6; у ученика итог 0,9","Проверяющий подписал знаменатели 3 и 5, + не поставил; ПРОВЕРЬ: итог прочитан как 0,9"
W044,15-Б1-21,0,Неверный ответ: BC = 56·3/7 = 24,Проверяющий исправил последнюю цифру на 4 (в дроби и в ответе); ПРОВЕРЬ: исходная цифра ученика не видна под исправлением
W044,15-Б1-22,0,Неверный ответ: AC = 63·4/9 = 28,Проверяющий вписал 28 в дробь и в ответ; ПРОВЕРЬ: ответ ученика под исправлением неразборчив
W044,15-Б2-6,1,,ПРОВЕРЬ: ответ прочитан как 131
W044,17-Б1-18,0,"Не выписан ответ: найдены обе высоты 36/9 = 4 и 36/12 = 3, а в ответ нужна большая — 4","Проверяющий обвёл 4, + не поставил; ПРОВЕРЬ"
W044,17-Б1-22,0,Диагональ квадрата d = a√2 = 13√2·√2 = 26; ученик разделил на √2 и получил 13,"Нет отметки проверяющего; ПРОВЕРЬ: номер задачи у ученика подправлен («№2?»), итог прочитан как 13"
W044,17-Б2-3,0,"Ответ не на вопрос: ∠ABC = ∠BCD = 25° + 80° = 105° (найдено верно), но ученик дописал 180 − 105 = 75","Проверяющий обвёл 105 и поставил +; ПРОВЕРЬ, что итогом у ученика считается 75"
W044,17-Б2-4,0,"Ответ не на вопрос: ∠ADC = ∠BAD = 20° + 45° = 65°, а ученик в итоге записал 180 − 65 = 115",Проверяющий обвёл 65 и поставил +; ПРОВЕРЬ
W045,15-Б2-25,1,,"В записи KM/AC = 2/3 вместо 2/5, но далее AC = 14·5 = 70 — описка, на ответ не влияет; ПРОВЕРЬ"
W045,18-Б1-3,,,"Зачёркнуто учеником (ПРОВЕРЬ: заголовок «№5» перед зачёркнутым, в условии задача 3 имеет опечатку «5.»)"
W046,1,1,,"Нумерация — номера 1–60 варианта РЕШУ ОГЭ. Проверяющий поставил +. Вверху markup_1 фрагмент «а) 72/180…, б)…» — не из этого варианта, не размечен"
W046,3,1,,"√52 ≈ 7,2 — точка P; проверяющий поставил +"
W046,6,1,,Проверяющий поставил +
W046,7,1,,Проверяющий поставил +
W046,8,0,"a ≈ −2,3, b ≈ 0,7: наибольшее −a ≈ 2,3 (ответ 2); у ученика 3","Проверяющий зачеркнул часть ответа и написал 2. ПРОВЕРЬ: ответ ученика читается как «3 2 4» / «3», какие цифры зачёркнуты — неясно"
W046,9,1,,Проверяющий поставил +
W046,10,1,,Проверяющий поставил +
W046,11,1,,Проверяющий поставил +
W046,12,1,,Проверяющий поставил +
W046,14,1,,Проверяющий поставил +
W046,18,1,,Проверяющий поставил +
W046,19,1,,Проверяющий поставил +
W046,22,1,,Проверяющий поставил +
W046,30,1,,"4⁻¹ = 0,25 — вариант 2; проверяющий поставил +"
W046,39,1,,Проверяющий поставил +
W046,41,1,,Проверяющий поставил +
W046,42,1,,"Ответ 0,88; проверяющий поставил + и обвёл/дописал цифру 8. ПРОВЕРЬ: вторая цифра после запятой неразборчива (8 или 3)"
W046,43,1,,Проверяющий поставил +
W046,44,0,"Вычислительная ошибка: 0,6 · 0,4 · 0,4 = 0,096, у ученика ≈0,16","Проверяющий зачеркнул и написал 0,096. ПРОВЕРЬ: результат ученика неразборчив"
W046,45,1,,Проверяющий поставил +
W046,47,1,,Проверяющий поставил +
W046,48,0,"Вычислительная ошибка: 0,7 · 0,7 · 0,3 = 0,147, у ученика 0,1…7 (другие цифры)","Проверяющий написал 0,147. ПРОВЕРЬ: результат ученика неразборчив"
W046,50,1,,Проверяющий поставил +
W046,51,1,,Проверяющий поставил +
W046,53,1,,Проверяющий поставил +
W046,54,1,,Проверяющий поставил +
W046,55,1,,Проверяющий поставил +
W046,56,1,,Проверяющий поставил +
W046,58,1,,Проверяющий поставил +
W046,59,1,,Проверяющий поставил +
W046,60,1,,Проверяющий поставил +
W047,9,0,"Потерян знак: x + 5 = −6/5 = −1,2, x = −6,2; у ученика 6,2",Проверяющий поставил +
W049,8,1,,"В бланке 0,08 зачёркнуто, в поле замены ответов 0,02; проверяющий поставил + у замены"
W049,12,0,Вычислительная ошибка: 150 + 11·(15 − 5) = 150 + 110 = 260; у ученика 150 + 165 − 55 = 230,Проверяющий зачеркнул и написал 260. ПРОВЕРЬ: ответ ученика 230 или 280 (неразборчиво)
W049,20,0,"Ошибка в знаке второго корня: x = (−8 + 4)/(−6) = 2/3, у ученика 4/(−6) (т.е. −2/3); верный ответ 2; 2/3","Проверяющий: «тут без минуса, а ещё лучше сократить до 2/3». ПРОВЕРЬ: знак в знаменателе второго корня переправлен (−6/+6), по комментарию проверяющего у ученика был минус"
W050,17,0,"Неверный ответ: сторона квадрата 2·40 = 80, S = 6400; у ученика другое число (вероятно 40)",Проверяющий зачеркнул и написал 6400. ПРОВЕРЬ: зачёркнутый ответ ученика неразборчив
W051,1,0,"Ответ 8 неверный: при R=2√5 из R² = a² + (a/2)² получаем a² = 16, S = 16","Проверяющий дописал «·2 = 16». Нумерация — Блок 1. ПРОВЕРЬ: начало решения не попало на фото (видно только S=√8·√8, S=8, ответ 8); номер задачи предположительно 1 (R=2√5, ответ 16) по исправлению проверяющего; если решалась №3 (R=√10), ответ 8 верен"
W051,69,0,"Неверно переписано условие: в №69 ∠ABC = 70°, ∠CAD = 49° → ∠ABD = 70 − 49 = 21°; ученик взял ∠CAD = 34° (из №70) и получил 36° (для №70: 80 − 34 = 46°)","Проверяющий зачеркнул 70°, написал 80° и исправил ответ на 46 (засчитал как №70). ПРОВЕРЬ: номер у ученика «№69», данные смешаны из №69 и №70"
W051,103,0,"Ошибки в шагах при верном ответе: √(2a²) = 2a неверно (должно a√2), затем √3872 : 2 = √1936 неверно (√968); ошибки компенсировали друг друга, a = 44",Ответ 44 верный; проверяющий поставил +
W052,36,0,"Ответ не на вопрос: радиус найден верно r = 22 : 2 = 11, но дальше записано S = 121 (площадь не спрашивалась)","Ученик исправил 44 на 11; проверяющий обвёл 121 знаком корня (√121 = 11), + не поставил. ПРОВЕРЬ: что считать ответом ученика — r = 11 или S = 121"
W052,38,0,"Ответ не на вопрос: радиус найден верно r = 62 : 2 = 31, но дальше записано S = 961 (площадь не спрашивалась)","Ученик исправил 124 на 31; проверяющий обвёл 961 знаком корня, + не поставил. ПРОВЕРЬ: аналогично №36"
W052,66,1,,"Решено дважды (под заголовками «№66»); в первой записи описка 2·(9√3)·3 вместо ·√3, дальше верно 18·3 = 54. ПРОВЕРЬ: номер первой записи неразборчив (66 или 68)"
W052,71,0,"Не доведено до ответа: записано ∠ABC = 51 + 42, значение 93 не вычислено",Проверяющий дописал «=93» и поставил +. ПРОВЕРЬ: считать ли недописанную сумму ошибкой
W052,94,0,"Неверно найден ∠C: ∠C = ∠B = 180 − 47 = 133°, ученик записал ∠C = 47° (приравнял к ∠A)",Проверяющий поставил +
W053,В1-1а,1,,"Нумерация: В1-/В2- — вариант I/II контрольной (task_2/task_1), 7 и 8 — задачи из task_3.jpg. Проверяющий поставил +"
W053,В1-1б,1,,Проверяющий поставил +
W053,В1-1д,1,,Проверяющий поставил +
W053,В1-2а,0,"7x ≤ 5 ⇒ x ≤ 5/7, у ученика x ≤ 7/5 = 1,4 (перевёрнута дробь)",Проверяющий поставил +
W053,В1-2б,1,,Проверяющий поставил +; первая попытка а) зачёркнута и переписана
W053,В1-2в,1,,Проверяющий поставил +
W053,В1-3а,1,,Проверяющий поставил +
W053,В1-3б,1,,Проверяющий поставил +
W053,В1-5,1,,Проверяющий поставил +
W053,В2-1а,1,,Проверяющий поставил +
W053,В2-1б,1,,Проверяющий поставил +
W053,В2-1д,1,,Проверяющий поставил +
W053,В2-2а,1,,Проверяющий поставил +
W053,В2-3б,1,,Проверяющий поставил +
W053,В2-5,1,,Проверяющий поставил +
W053,8,1,,"Проверяющий поставил +. Вверху markup_3 обрывок «Ответ: x∈(2,5;+∞)» — к какой задаче относится, неясно, не размечен"
W054,В1-1а,1,,"Нумерация: В1-/В2- — вариант 1/2 контрольной (task_2/task_1), 7 и 8 — задачи из task_3.jpg. Проверяющий поставил +"
W054,В1-1б,0,"−7x ≥ 49 ⇒ x ≤ −7, ответ (−∞; −7]; у ученика строгое неравенство x < −7 и ответ (−∞; −7) — точка −7 потеряна","ПРОВЕРЬ: запись x < …7 исправлена поверх, минус в ответе, возможно, дописан проверяющим; + нет"
W054,В1-1в,0,"−0,2x ≤ −6 ⇒ x ≥ 30, ответ [30; +∞); у ученика в ответе круглая скобка (30; ∞)","Проверяющий исправил скобку на [ и поставил +. ПРОВЕРЬ: скобка [ жирная — вероятно, исправление проверяющего"
W054,В1-1г,1,,Проверяющий поставил +
W054,В1-1д,0,"x ≤ 0, ответ (−∞; 0]; у ученика в ответе (−∞; 0) — 0 не включён",Проверяющий поставил +
W054,В1-2б,1,,"Описка: −9x < 45 вместо −9x < −45, ответ x > 5 верный; проверяющий поставил +"
W054,В1-3а,0,"Ошибка приведения: 19 − 3x > 7 − x ⇒ 12 − 2x > 0, далее у ученика −4x > −12",Проверяющий поставил +
W054,В1-3а,0,"Ошибка деления: −4x > −12 ⇒ x < 3, у ученика x < −3; верный ответ x < 6",Проверяющий поставил +
W054,В1-4,1,,"ПРОВЕРЬ: ответ записан «x > +29», «(+29; ∞)» — лишний штрих перед 29 (плюс или исправленный минус); нет отметки проверяющего"
W054,В2-1а,1,,Проверяющий поставил +
W054,В2-1б,0,"−6x ≥ 36 ⇒ x ≤ −6, ответ (−∞; −6]; у ученика строгое x < −6 и круглая скобка","Проверяющий исправил скобку на ] и поставил +. ПРОВЕРЬ: скобка ] жирная — вероятно, исправление проверяющего"
W054,В2-1г,0,"(1/4)x < −5 ⇒ x < −20; у ученика x < 20, ответ (−∞; 20)",Проверяющий поставил +. ПРОВЕРЬ: минус перед 20 не виден
W054,В2-2в,0,"x ≤ 2, ответ (−∞; 2]; у ученика строгое x < 2","Проверяющий исправил скобку на ] и поставил +. ПРОВЕРЬ: скобка ] жирная — вероятно, исправление проверяющего"
W054,7,0,"−8/(3 − 4x) ≤ 0 ⇔ 3 − 4x > 0 ⇔ x < 3/4 = 0,75; у ученика 3/4 = 1,3, ответ (−∞; 1,3)","нет явной отметки проверяющего (знаки > в строках 3−4x>0, 4x>3 обведены жирно). ПРОВЕРЬ"
W055,5,0,"Неверно переписано условие: CK = 18, у ученика KC = 20; BC = 28, P = 2·(10 + 28) = 76, у ученика 80","Проверяющий поставил +. ПРОВЕРЬ: данные ученика совпадают с BK/CK из разных задач (№5: 10 и 18, №6: 11 и 20)"
W055,8,1,,Проверяющий поставил +
W055,10,1,,Проверяющий поставил +
W055,12,1,,Проверяющий поставил +; ответ записан в п. 3–4 без слова «Ответ»
W055,13,1,,Проверяющий поставил +
W055,16,1,,Проверяющий поставил +
W055,19,1,,Проверяющий поставил +
W055,21,1,,Исправлены описки в данных (AC = 12 → 10); проверяющий поставил +
W055,22,1,,Проверяющий поставил +
W055,24,1,,Проверяющий поставил +; высота обозначена CH/AH непоследовательно
W055,26,1,,Проверяющий поставил +
W055,27,1,,Проверяющий поставил +
W055,33,1,,Проверяющий поставил +
W055,37,1,,Проверяющий поставил +
W055,38,1,,Проверяющий поставил +
W055,45,1,,"Видно только окончание решения (x = 4(35 − x), MC = 28); проверяющий поставил +. Вверху markup_4 зачёркнутый обрывок «Ответ: 13,44» — к какой задаче, неясно, не размечен"
W056,Б1-13,0,Найдена не вся пара равных треугольников: есть ещё △ABF = △CBK,Проверяющий поставил + и дописал «и ещё △ABF = △CBK»
W056,Б1-14,0,Найдены не все равные треугольники: есть ещё △FPM = △KNM,Проверяющий поставил + и дописал «и ещё △FPM = △KNM»
W057,1б,1,,"Нумерация: 1а/1б — функции из task_1.jpg (y = x² + 6x + 5 / y = −2x² − 4x + 4), 2а/2б — из task_2.jpg (y = x² − 4x + 5 / y = −3x² + 21x − 34), Б1-N / Б2-N — блок 1/2 задания N из task_3.pdf. 1а в работе не найдено. Построен график y = −2x² − 4x + 4, вершина (−1; 6), таблица верна; проверяющий поставил +"
W057,Б1-1,0,"Верный ответ 312 (А: y = x + 2, Б: y = 2x, В: y = 2), у ученика 132","ПРОВЕРЬ: на странице ответов у ученика порядок №1, №2 (слева), №3–5, №7 (справа), №6, №1 (внизу слева); проверяющий, видимо, счёл верхнюю пару блоком 2 и написал 123 / 132, а нижний №1 — Б1-1 (написал 312). Разметка — по порядку ученика, подтверждённому таблицами в черновике"
W057,Б1-2,1,,"Ответ 321 верный; проверяющий зачеркнул и написал 132 (видимо, принял за Б2-2 — ПРОВЕРЬ)"
W057,Б1-3,1,,Проверяющий поставил +
W057,Б1-4,1,,Проверяющий поставил +
W057,Б1-5,1,,"Ответ ученика 312 верный (А: a<0, c>0; Б: a>0, c<0; В: a<0, c<0); проверяющий зачеркнул и написал 321. ПРОВЕРЬ: цифры ответа под красной штриховкой читаются с трудом, в черновике таблица 3 1 2"
W057,Б1-7,1,,Проверяющий поставил +
W057,Б2-1,1,,"В черновике найдена вершина, таблица 1 2 3 — верно (описка x₀ = 2 вместо −2 для 2x² + 8x + 6 не влияет). ПРОВЕРЬ: ответ на странице ответов под красной штриховкой читается как 12…; проверяющий зачеркнул и написал 312 (видимо, принял за Б1-1)"
W058,3,1,,"Ответ (0; 1) ∪ {8} ∪ (64; +∞) верный; в ограничениях ошибочно записано t > 0 (не использовано) — проверяющий: «?», «Здесь пишешь так, а тут даже не учитываешь», 2б. ПРОВЕРЬ: ∪{8} дописано над строкой ответа"
W059,Б1-14,0,Найдены не все пары равных треугольников,Проверяющий поставил + и написал «можно ещё»
W060,1,1,,Проверяющий поставил +
W060,2,1,,"Ответ 2000 = 27000 − (18000 + 7000); фактически дровяная «Огонёк» дороже электрической на 2000 (формулировка задания некорректна), ответ совпадает с эталонным; Проверяющий поставил +"
W060,3,1,,Проверяющий поставил +
W060,4,1,,Проверяющий поставил +
W060,6,1,,"ПРОВЕРЬ: ответ читается как «7,6», но верно 1,6 (7,04 : 4,4); вероятно, единица с длинным штрихом; Проверяющий поставил +"
W060,7,1,,Проверяющий поставил +
W060,8,1,,"Ответ 0,02 (x·5^(4x−1)·25^(−2x) = x/5); Проверяющий поставил +"
W060,9,1,,Проверяющий поставил +
W060,10,1,,Проверяющий поставил +
W060,12,1,,Проверяющий поставил +
W060,13,1,,Проверяющий поставил +
W060,14,1,,Проверяющий поставил +
W060,17,1,,Проверяющий поставил +
W060,19,1,,Проверяющий поставил +
W061,1,1,,"Нумерация: 1–4 — номера ученика для параболы (1: y = x² + 6x + 5, 2: y = −2x² − 4x + 4 из task_1.jpg; 3: y = x² − 4x + 5, 4: y = −3x² + 21x − 34 из task_2.jpg); Б1-N / Б2-N — блок 1/2 задания N из task_3.pdf. Вершина (−3; −4), таблица и график верны; проверяющий поставил +"
W061,2,1,,"Вершина (−1; 6) найдена верно, значения при x = 2, 3 (−12, −26) верны, но таблица заполнена частично и график — грубый набросок; нет отметки проверяющего. ПРОВЕРЬ: достаточно ли построения"
W061,3,1,,"Сначала x₀ = −2 и y₀ = 17 — зачёркнуто, исправлено на x₀ = 2, y₀ = 1; таблица и график верны; проверяющий поставил +"
W061,4,1,,"Вершина (3,5; 2,75), таблица и график верны (первая попытка таблицы зачёркнута); проверяющий поставил +"
W061,Б1-1,1,,Проверяющий поставил +
W061,Б1-2,1,,Проверяющий поставил +
W061,Б1-4,1,,Проверяющий поставил +
W061,Б1-5,1,,Проверяющий поставил +
W061,Б1-6,1,,Проверяющий поставил +
W061,Б1-7,1,,Проверяющий поставил +
W062,Б1-1,1,,Нумерация Б1-N: задачи из Блока 1 (ФИПИ) задачника; во 2-м блоке номера повторяются. Ответ 10 км/ч; проверяющий поставил +
W062,Б1-6,,,"Начато, не доведено: вверху стр.1 другой (чёрной) ручкой без номера, уравнение 112/x + 4 = 112/(x−9) (числа №6), решение оборвано. ПРОВЕРЬ: возможно, не часть работы ученика"
W062,Б1-9,1,,"Ответ 26 км (38t = 98,8; t = 2,6 ч); проверяющий поставил +"
W062,Б1-15,1,,Ответ 80 км/ч; проверяющий поставил +
W062,Б1-45,0,"Вычислительная ошибка в сумме путей: 450+230+120 = 800, средняя скорость 800 : 10 = 80 км/ч; у ученика сумма и ответ неверные","Проверяющий исправил первую цифру на 8 в сумме, в дроби и в ответе (80). ПРОВЕРЬ: исходные цифры ученика под исправлением неразборчивы"
W062,Б1-46,1,,Ответ 55 км/ч; проверяющий поставил +
W062,Б1-69,1,,Ответ 23 км/ч; проверяющий поставил +
W062,Б1-70,1,,"Ответ 15 км/ч; первая попытка с ошибками зачёркнута, затем решено заново; проверяющий поставил +"
W063,Б1-1,1,,Нумерация Б1-N: задачи из Блока 1 (ФИПИ) задачника (во 2-м блоке номера повторяются). Ответ 10 км/ч; проверяющий поставил +
W063,Б1-9,1,,Ответ 26 км; проверяющий поставил +
W063,Б1-86,1,,Ответ 20 км/ч; проверяющий поставил +
W063,Б1-97,1,,Ответ 87 %; проверяющий поставил +
W063,Б1-121,,,"Начато, не доведено (оборвано на D = 64 − …). Кроме того, в составлении взята разность x+8 вместо x+13 деталей, уравнение x²+8x+208=0 без корней; верный ответ 13. Нет отметки проверяющего. ПРОВЕРЬ: номер прочитан как №121 (208 деталей, 8 часов)"
W064,Б1-1,1,,"Нумерация Б1-N: задачи из Блока 1 (ФИПИ) задачника (во 2-м блоке номера повторяются). Номер на странице не виден, определён по числам (60 км, +10, 3 ч). Ответ 10 км/ч; проверяющий поставил +"
W064,Б1-5,1,,"Ответ 16 км/ч (x = 14, x+2 = 16); проверяющий поставил +"
W064,Б1-15,1,,Ответ 80 км/ч; проверяющий поставил +
W064,Б1-21,1,,Ответ 14 км/ч; первая запись уравнения зачёркнута; проверяющий поставил +
W066,В1-1,1,,"Нумерация В1-N / В2-N: вариант 1 / вариант 2 (ученик решил оба варианта). Ответ 0,8; Проверяющий поставил +"
W066,В1-2,1,,"Ответ 0,7; Проверяющий поставил +"
W066,В1-3,1,,"Ответ 0,2; Проверяющий поставил +"
W066,В1-4,1,,Ответ 6; Проверяющий поставил +
W066,В1-5,1,,Ответ 9; Проверяющий поставил +
W066,В2-1,1,,"Ответ 0,3; Проверяющий поставил +"
W066,В2-2,1,,"Ответ 0,45; Проверяющий поставил +"
W066,В2-3,1,,Ответ 3; Проверяющий поставил +
W066,В2-4,1,,Ответ 25; Проверяющий поставил +
W066,В2-5,1,,Ответ 21; Проверяющий поставил +
W066,В2-6,1,,"Ответ 0,1; ученик принял BC = 3√11, AB = 10 без оговорки «пусть»; Проверяющий поставил +"
W067,В1-1,1,,"Нумерация В1-N / В2-N: вариант 1 / вариант 2 (ученик решил оба варианта). Ответ 0,8; проверяющий поставил +"
W067,В1-2,1,,"Ответ 0,7; сначала записано sinB, исправлено на cos; проверяющий поставил +"
W067,В1-3,1,,"Ответ 0,2; первая запись в дроби зачёркнута самим учеником; проверяющий поставил +"
W067,В1-4,1,,Ответ 6; проверяющий поставил +
W067,В1-5,1,,Ответ 9; проверяющий поставил +
W067,В2-1,1,,"Ответ 0,3; проверяющий поставил +"
W067,В2-2,1,,"Ответ 0,45; в записи sinB вместо cosB (9/20 = BC/AB — это cosB), описка; проверяющий поставил +"
W067,В2-3,1,,Ответ 3; проверяющий поставил +
W067,В2-4,1,,Ответ 25; проверяющий поставил +
W067,В2-5,1,,Ответ 21; проверяющий поставил +
W067,В2-6,1,,"Ответ 0,1; запись небрежная: cos² = 1 − 0,99 = 0,01 (0 вставлен сверху), подчёркнуто 0,1 без явного cosA = 0,1; проверяющий поставил +. ПРОВЕРЬ: прочтение последней строки"
W068,1.4,1,,"Нумерация N.M: Задание N, пункт M. Ответ 4; проверяющий поставил +. ПРОВЕРЬ: в промежуточных строках коэффициент при b похож на «15b» вместо «5b» (25a − 5b = −18) — если так, это описка, на ответ не влияет"
W068,1.7,1,,Ответ 9; проверяющий поставил +
W068,1.8,1,,Ответ 10; проверяющий поставил +
W068,2.3,1,,Ответ −3; −2; 3; проверяющий поставил +
W068,2.12,1,,Ответ −6; −3; 3; проверяющий поставил +
W068,2.13,1,,Ответ −4; −3; 4 (записан в начале следующей страницы); проверяющий поставил +
W068,3.6,1,,Ответ −1 (7 отброшен по ОДЗ x ≤ 6); первая попытка зачёркнута; проверяющий поставил +
W068,3.12,0,"Вычислительная ошибка: x₂ = (−3 + 5)/2 = 1, у ученика −2/2 = −1; верный ответ −4; −3; 1, у ученика −4; −3; −1","Отметка проверяющего неоднозначна (знак вида «⊥», похож на недописанный +). ПРОВЕРЬ: если это +, то проверяющий пропустил ошибку"
W068,3.13,1,,Ответ −4; −2; 2; проверяющий поставил +
W069,5.5,1,,Нумерация: задание.номер по листу условия (Задания 4–10). У ученика «№5(5)»; проверяющий поставил +
W069,9.7,0,"Потерян корень: 4y² = 24 − 2·2² = 16 ⇒ y = ±2, у ученика только y = 2 (без выкладок); верный ответ (2; 2), (2; −2)","Проверяющий: «как посчитал?»; ПРОВЕРЬ: «±» над y в ответе, по-видимому, дописан проверяющим (красный)"
W070,1.4,1,,"Нумерация N.M: Задание N, пункт M. Ответ 4; проверяющий поставил +"
W070,1.7,1,,Ответ 9; проверяющий поставил +
W070,1.8,1,,Ответ 10; проверяющий поставил +
W070,2.3,1,,Ответ −3; −2; 3; проверяющий поставил +
W070,2.4,1,,Ответ −5; −1; 1; проверяющий поставил +
W070,2.12,1,,Ответ −6; −3; 3; проверяющий поставил +
W070,2.13,1,,Ответ −4; −3; 4; проверяющий поставил +
W070,3.5,1,,Ответ −1 (3 отброшен по ОДЗ x ≤ 2); проверяющий поставил +
W070,3.6,1,,"Ответ −1 (7 отброшен по ОДЗ x ≤ 6); в общей формуле записано −6 ± √D вместо 6 ± √D, дальше подставлено верно; проверяющий поставил +"
W072,50,1,,Ответ MC = 36; проверяющий поставил +
W072,54,1,,Ответ AB = 8; проверяющий поставил +
W073,50,1,,Ответ MC = 36; проверяющий поставил +
W073,54,1,,Ответ AB = 8; проверяющий поставил +
W073,56,1,,Ответ AB = 14; проверяющий поставил +
W075,85,1,,"В ответ записаны обе высоты (BH = 4; BM = 2), требовалась только большая — 4; проверяющий поставил +"
W077,Б1-3,0,"Неверный ответ: 122, верно 39",Проверяющий зачеркнул и написал 39; ПРОВЕРЬ: ответ ученика неразборчив (122?)
W077,Б2-1.1,1,,"Ответ 13, проверяющий поставил + на весь №1"
W077,Б2-1.2,1,,"Ответ 9, проверяющий поставил + на весь №1"
W077,Б2-9,0,"Неверный ответ: 486 (без минуса), верно −486",Проверяющий дописал минус; ПРОВЕРЬ: первая цифра неразборчива (4 или 9)
