task_key,task_prefix,exam,exam_task,topic,subtopic,has_figure
W001,В1-1,школьная программа,,алгебра-уравнения,иррациональные уравнения (простейшие),0
W001,В1-2,школьная программа,,алгебра-неравенства,иррациональные неравенства (простейшие),0
W001,В1-3,школьная программа,,алгебра-уравнения,иррациональные уравнения вида √f=g,0
W001,В1-4,школьная программа,,алгебра-неравенства,иррациональные неравенства вида √f<g,0
W001,В2-1,школьная программа,,алгебра-уравнения,иррациональные уравнения (простейшие),0
W001,В2-2,школьная программа,,алгебра-неравенства,иррациональные неравенства (простейшие),0
W001,В2-3,школьная программа,,алгебра-уравнения,иррациональные уравнения вида √f=g,0
W001,В2-4,школьная программа,,алгебра-неравенства,иррациональные неравенства вида √f<g,0
W002,,ЕГЭ проф,12,производная,"точки экстремума, наибольшее/наименьшее значение на отрезке",0
W003,,ЕГЭ проф,13,тригонометрия,тригонометрические уравнения с отбором корней на отрезке,0
W004,,школьная программа,,алгебра-неравенства,"линейные неравенства и их системы, оценка выражений",0
W005,,школьная программа,,тригонометрия,"тригонометрические формулы: вычисление, упрощение, тождества",0
W006,,ЕГЭ проф,13,тригонометрия,тригонометрические уравнения (разложение на множители),0
W007,4.,ОГЭ,20,алгебра-уравнения,"уравнения высших степеней: разложение на множители, сумма квадратов",0
W007,5.,ОГЭ,20,алгебра-уравнения,"дробно-рациональные уравнения, замена t=1/x",0
W007,7.,ОГЭ,20,алгебра-уравнения,"уравнения x⁴=(ax+b)², разность квадратов",0
W007,8.,ОГЭ,20,системы,системы второй степени (подстановка/сложение),0
W008,,ЕГЭ проф,14,стереометрия,сечения призмы: доказательство и вычисление,0
W009,,ЕГЭ проф,2,векторы,"длина вектора, скалярное произведение, косинус угла",1
W010,,ЕГЭ проф,2,векторы,"длина вектора, скалярное произведение, косинус угла",1
W011,,ЕГЭ проф,12,производная,"точки экстремума, наибольшее/наименьшее значение на отрезке",0
W012,,ЕГЭ проф,,вариант-смешанный,пробный вариант ЕГЭ проф (задания 1–19),1
W013,,ЕГЭ проф,13,тригонометрия,"тригонометрические уравнения (формулы приведения, двойного угла)",0
W014,1..6,ЕГЭ проф,8,производная,физический смысл производной (скорость),0
W014,7..15,ЕГЭ проф,8,производная,"геометрический смысл производной, касательная, чтение графика",1
W015,,ЕГЭ проф,14,стереометрия,"сечения, угол между прямыми, расстояние от точки до плоскости",0
W016,,ЕГЭ проф,12,производная,"точки экстремума, наибольшее/наименьшее значение на отрезке",0
T1,,ЕГЭ проф,1,планиметрия-треугольники,"углы треугольника: биссектриса, медиана, высота",0
T2,Б1-,школьная программа,,планиметрия-доказательства,признаки равенства треугольников (по рисунку),1
T2,Б2-,школьная программа,,планиметрия-доказательства,признаки параллельности прямых (по рисунку),1
T3,,ОГЭ,17,планиметрия-четырёхугольники,"углы, диагонали, площади параллелограмма, ромба, трапеции",1
T4,,школьная программа,,планиметрия-подобие,"подобие треугольников, отношение периметров и площадей",1
T6,,школьная программа,,планиметрия-подобие,"пропорциональные отрезки в прямоугольном треугольнике, практические приложения подобия",0
T7,,ОГЭ,16,планиметрия-окружность,"касательная, центральные и вписанные углы, вписанная и описанная окружности",0
T8,,школьная программа,,планиметрия-треугольники,"синус, косинус, тангенс острого угла прямоугольного треугольника",0
T10,1..20,ОГЭ,7,алгебра-неравенства,"числа на координатной прямой, сравнение чисел",1
T10,21..40,ОГЭ,8,алгебра-уравнения,значения выражений со степенями и корнями,0
T10,41..60,ОГЭ,10,вероятность,"классическая вероятность, сложение и умножение вероятностей",0
T11,Б1-,ОГЭ,11,функции-графики,"соответствие графиков и формул, знаки коэффициентов",1
T11,Б2-,ОГЭ,11,функции-графики,"соответствие графиков и формул, знаки коэффициентов",1
T11,1..4,школьная программа,,функции-графики,"квадратичная функция: вершина, нули, построение графика",0
T12,,ОГЭ,14,прогрессии,"арифметическая и геометрическая прогрессии, прикладные задачи",0
T13,,школьная программа,,системы,"системы уравнений второй степени, задачи на составление систем",0
T14,,ОГЭ,18,планиметрия-решётка,"длины, площади, средние линии, расстояния, тангенс угла на клетчатой бумаге",1
T15,В1-,школьная программа,,алгебра-неравенства,"линейные неравенства, область определения корня",0
T15,В2-,школьная программа,,алгебра-неравенства,"линейные неравенства, область определения корня",0
T15,7..8,школьная программа,,алгебра-неравенства,простейшие дробно-рациональные неравенства,0
T16,1.,ОГЭ,20,алгебра-уравнения,значение выражения при условии (пропорция),0
T16,2.,ОГЭ,20,алгебра-уравнения,"кубические уравнения, группировка",0
T16,3.,ОГЭ,20,алгебра-уравнения,уравнения с корнем (ОДЗ) и вынесение общего множителя,0
T17,4.,ОГЭ,20,алгебра-уравнения,"уравнения высших степеней: разложение на множители, сумма квадратов",0
T17,5.,ОГЭ,20,алгебра-уравнения,"дробно-рациональные уравнения, замена t=1/x",0
T17,6.,ОГЭ,20,алгебра-уравнения,биквадратные уравнения с заменой,0
T17,7.,ОГЭ,20,алгебра-уравнения,"уравнения x⁴=(ax+b)², разность квадратов",0
T17,8.,ОГЭ,20,системы,системы второй степени (подстановка/сложение),0
T17,9.,ОГЭ,20,системы,"системы второй степени (однородные, распадающиеся)",0
T18,7.,ОГЭ,20,алгебра-уравнения,"уравнения x⁴=(ax+b)², разность квадратов",0
T18,8.,ОГЭ,20,системы,системы второй степени (подстановка/сложение),0
T18,9.,ОГЭ,20,системы,"системы второй степени (однородные, распадающиеся)",0
T19,1..18,ОГЭ,23,планиметрия-четырёхугольники,"биссектриса в параллелограмме, углы и высота ромба",0
T19,19..32,ОГЭ,23,планиметрия-треугольники,медиана и высота к гипотенузе прямоугольного треугольника,0
T19,33..38,ОГЭ,23,планиметрия-четырёхугольники,биссектрисы углов трапеции (прямоугольный треугольник),0
T19,39..48,ОГЭ,23,планиметрия-подобие,подобие треугольников (параллельные прямые),0
T20,49..50,ОГЭ,23,планиметрия-подобие,подобие треугольников (параллельные прямые),0
T20,51..56,ОГЭ,23,планиметрия-треугольники,пропорциональные отрезки в прямоугольном треугольнике,0
T20,57..68,ОГЭ,23,планиметрия-четырёхугольники,боковая сторона трапеции через углы (высоты),0
T22,,ОГЭ,15,планиметрия-треугольники,"углы, площади, Пифагор, тригонометрия, подобие в треугольнике",1
T23,,ОГЭ,,вариант-смешанный,полный вариант ОГЭ (задания 1–25),1
T24,,ОГЭ,21,текстовые задачи,"движение по прямой и по воде, средняя скорость, смеси",0
T25,,ОГЭ,21,текстовые задачи,"движение, совместная работа, сушка фруктов, смеси",0
T26,15-,ОГЭ,15,планиметрия-треугольники,"углы, площади, Пифагор, тригонометрия, подобие в треугольнике",1
T26,17-,ОГЭ,17,планиметрия-четырёхугольники,"углы, диагонали, площади параллелограмма, ромба, трапеции",1
T26,18-,ОГЭ,18,планиметрия-решётка,"длины, площади, средние линии, углы на клетчатой бумаге",1
T27,,ОГЭ,,вариант-смешанный,полный вариант ОГЭ (задания 1–25),1
T28,,ОГЭ,,вариант-смешанный,"вариант части 2 ОГЭ: уравнения, неравенства, системы, текстовые, геометрия",1
M1,,ЕГЭ проф,15,алгебра-неравенства,"смешанные неравенства (логарифмы, показательные, корни, модуль)",0
M2,,ЕГЭ проф,15,алгебра-неравенства,"показательные и логарифмические неравенства, метод рационализации",0
M3,,ЕГЭ проф,15,алгебра-неравенства,"показательные и логарифмические неравенства, метод рационализации",0
M4,1,школьная программа,,алгебра-неравенства,сравнение степеней,0
M4,2,школьная программа,,алгебра-уравнения,показательные уравнения,0
M4,3,школьная программа,,алгебра-уравнения,значение показательного выражения при условии,0
M4,4,школьная программа,,алгебра-неравенства,показательные неравенства,0
M5,,ЕГЭ проф,15,алгебра-неравенства,логарифмические неравенства,0
M6,,ЕГЭ проф,15,алгебра-неравенства,"логарифмические неравенства с переменным основанием, рационализация",0
