work_id,student_id,date,grade,topic,source_format,n_files,has_corrections,has_feedback,comment,redacted
W001,S001,2025-12-02,,,,7,,,,1
W002,S002,2025-10-05,,,,8,,,,1
W003,S003,2026-06-06,,,,5,,,,1
W004,S004,2025-09-08,,,,11,,,,1
W005,S005,2026-03-09,,,,5,,,,1
W006,S006,2026-01-14,,,,7,,,,1
W007,S007,2026-03-14,,,,11,,,,1
W008,S008,2026-06-15,,,,7,,,,1
W009,S002,2025-09-15,,,,32,,,,1
W010,S002,2025-09-16,,,,11,,,,1
W011,S002,2025-10-16,,,,23,,,,1
W012,S003,2026-03-19,,,,9,,,,1
W013,S006,2026-01-20,,,,9,,,,1
W014,S002,2025-09-20,,,,7,,,,1
W015,S008,2026-04-22,,,,11,,,,1
W016,S008,2026-04-28,,,,17,,,,1
W017,S009,2026-05-02,,,,8,,,,1
W018,S010,2026-05-02,,,,8,,,,1
W019,S011,2025-12-05,,,,9,,,,1
W020,S012,2026-02-06,,,,13,,,,1
W021,S009,2025-12-06,,,,5,,,,1
W022,S009,2026-02-07,,,,10,,,,1
W023,S011,2026-02-07,,,,10,,,,1
W024,S009,2026-03-07,,,,23,,,,1
W025,S010,2026-03-07,,,,9,,,,1
W026,S011,2026-03-07,,,,19,,,,1
W027,S013,2026-02-09,,,,9,,,,1
W028,S009,2026-05-09,,,,18,,,,1
W029,S010,2026-05-09,,,,6,,,,1
W030,S011,2026-05-09,,,,6,,,,1
W031,S009,2026-04-11,,,,7,,,,1
W032,S011,2026-04-11,,,,17,,,,1
W033,S013,2026-03-12,,,,7,,,,1
W034,S012,2026-03-13,,,,9,,,,1
W035,S011,2026-03-13,,,,13,,,,1
W036,S011,2025-11-13,,,,33,,,,1
W037,S009,2025-12-13,,,,12,,,,1
W038,S011,2025-12-13,,,,14,,,,1
W039,S009,2026-02-14,,,,29,,,,1
W040,S011,2026-02-14,,,,5,,,,1
W041,S009,2026-03-14,,,,13,,,,1
W042,S010,2026-03-14,,,,11,,,,1
W043,S009,2025-11-15,,,,17,,,,1
W044,S009,2026-05-16,,,,30,,,,1
W045,S011,2026-05-16,,,,8,,,,1
W046,S009,2026-01-17,,,,15,,,,1
W047,S011,2026-04-17,,,,16,,,,1
W048,S012,2025-12-17,,,,8,,,,1
W049,S009,2026-04-18,,,,12,,,,1
W050,S010,2026-04-18,,,,14,,,,1
W051,S011,2025-12-19,,,,31,,,,1
W052,S009,2025-12-20,,,,19,,,,1
W053,S009,2026-02-21,,,,15,,,,1
W054,S011,2026-02-21,,,,15,,,,1
W055,S009,2026-03-21,,,,22,,,,1
W056,S011,2025-11-21,,,,18,,,,1
W057,S009,2026-01-22,,,,15,,,,1
W058,S013,2026-01-22,,,,4,,,,1
W059,S009,2025-11-22,,,,22,,,,1
W060,S010,2026-05-23,,,,16,,,,1
W061,S011,2026-01-24,,,,15,,,,1
W062,S009,2026-04-25,,,,11,,,,1
W063,S010,2026-04-25,,,,9,,,,1
W064,S011,2026-04-25,,,,11,,,,1
W065,S012,2026-01-26,,,,11,,,,1
W066,S011,2025-12-26,,,,15,,,,1
W067,S009,2025-12-27,,,,5,,,,1
W068,S009,2026-02-28,,,,9,,,,1
W069,S010,2026-02-28,,,,9,,,,1
W070,S011,2026-02-28,,,,11,,,,1
W071,S009,2026-03-28,,,,9,,,,1
W072,S010,2026-03-28,,,,7,,,,1
W073,S011,2026-03-28,,,,5,,,,1
W074,S009,2025-11-29,,,,21,,,,1
W075,S011,2025-11-29,,,,31,,,,1
W076,S009,2026-05-30,,,,13,,,,1
W077,S009,2026-01-31,,,,3,,,,1
W078,S011,2026-01-31,,,,3,,,,1
W079,S014,2026-02-01,,,,18,,,,1
W080,S015,2025-11-01,,,,9,,,,1
W081,S014,2025-11-01,,,,5,,,,1
W082,S014,2025-11-01,,,,5,,,,1
W083,S014,2026-05-02,,,,7,,,,1
W084,S016,2025-10-04,,,,10,,,,1
W085,S015,2025-10-04,,,,9,,,,1
W086,S016,2025-12-06,,,,5,,,,1
W087,S016,2026-02-07,,,,16,,,,1
W088,S014,2026-05-09,,,,16,,,,1
W089,S014,2026-01-10,,,,13,,,,1
W090,S014,2025-11-10,,,,5,,,,1
W091,S016,2026-03-12,,,,13,,,,1
W092,S014,2025-11-12,,,,5,,,,1
W093,S016,2026-03-14,,,,14,,,,1
W094,S015,2025-11-15,,,,5,,,,1
W095,S015,2026-05-16,,,,8,,,,1
W096,S014,2026-05-16,,,,14,,,,1
W097,S014,2025-12-16,,,,13,,,,1
W098,S014,2026-01-17,,,,9,,,,1
W099,S016,2026-05-17,,,,23,,,,1
W100,S016,2025-10-18,,,,7,,,,1
W101,S014,2025-10-18,,,,7,,,,1
W102,S016,2025-09-20,,,,41,,,,1
W103,S015,2025-09-20,,,,7,,,,1
W104,S015,2025-12-20,,,,9,,,,1
W105,S015,2026-03-21,,,,10,,,,1
W106,S014,2025-12-21,,,,11,,,,1
W107,S014,2026-04-22,,,,15,,,,1
W108,S015,2025-11-22,,,,9,,,,1
W109,S014,2026-05-23,,,,8,,,,1
W110,S016,2026-01-24,,,,13,,,,1
W111,S015,2026-01-24,,,,11,,,,1
W112,S014,2026-01-24,,,,9,,,,1
W113,S016,2026-04-25,,,,11,,,,1
W114,S014,2025-12-27,,,,9,,,,1
W115,S014,2026-02-28,,,,13,,,,1
W116,S016,2026-03-28,,,,9,,,,1
W117,S014,2025-11-29,,,,11,,,,1
W118,S014,2026-02-03,,,,16,,,,1
W119,S013,2026-03-02,,,,18,,,,0
W120,S017,2026-04-04,,,,6,,,,0
W121,S012,2026-03-06,,,,10,,,,1
W122,S013,2025-11-06,,,,14,,,,1
W123,S012,2026-07-07,,,,11,,,,1
W124,S018,2025-11-07,,,,26,,,,1
W125,S012,2026-06-08,,,,10,,,,0
W126,S013,2025-10-13,,,,6,,,,1
W127,S017,2026-02-16,,,,8,,,,1
W128,S019,2025-10-21,,,,4,,,,1
W129,S015,2025-10-21,,,,8,,,,1
W130,S012,2026-09-23,,,,7,,,,0
W131,S018,2025-09-25,,,,8,,,,0
W132,S012,2026-01-28,,,,10,,,,1
W133,S017,2025-09-29,,,,10,,,,1
W134,S012,2026-05-06,,,,10,,,,0
W135,S012,2025-09-12,,,,4,,,,1
W136,S017,2026-05-15,,,,9,,,,1
W137,S018,2025-09-26,,,,9,,,,0
W138,S018,2025-10-24,,,,14,,,,0
