id,situation,exam,training,note
1.1,"Найдена не та величина, нужная — в одно действие",error,remark,
1.2,"Найдена не та величина, нужная — в несколько действий",error,error,
1.3,"Нужная величина в решении есть, в ответ выписано другое число из решения",remark,remark,
1.4,"В ответе число, которого нет в решении",error,error,
1.5,Найдены не все требуемые объекты,error,error,"перечислить, чего не хватает"
1.6,В ответе лишнее вместе с верным,error,error,
1.7,"Ответ не выписан отдельной строкой, но очевиден",ignore,ignore,
1.8,"Ответ в другой форме (тыс. вместо руб., 25 вместо 0,25, дробь вместо десятичной)",remark,remark,
1.9,Ответ в других единицах без перевода,remark,remark,решение 30.09
1.10,Отношение вместо «во сколько раз»,remark,remark,
1.11,В ответе выражение вместо числа (не упрощено),remark,remark,"замечание, если всё до этого верно; решение 30.09"
1.12,В ответе точка вместо значения (или наоборот),error,error,решение 30.09
1.13,Пара чисел в другом порядке,error,error,ошибка + замечание о порядке; решение 30.09
2.1,Не досчитана сумма найденных чисел,remark,remark,
2.2,Не извлечён корень из найденного квадрата,remark,remark,
2.3,Не сделано 180° − угол / 90° − угол,error,remark,решение 30.09
2.4,Не выбрано целое значение из найденного неравенства,remark,remark,
2.5,Целое значение выбрано неверно (строгое/нестрогое),error,error,
2.6,Проценты вместо суммы на счёте (или наоборот),error,remark,решение 30.09
2.7,Пункт б) не начат при верном а),blank,blank,б) не размечаем
2.8,"Пункт б) начат, не доведён, ошибок в написанном нет",blank,blank,
2.9,"Не доведено, в написанном есть явная ошибка",blank,blank,"пусто, но в отзыве указать на ошибку; решение 30.09"
2.10,"Промежуточный результат верный, вывод не сделан",error,remark,решение 30.09
2.11,"Экономическая: найдено в млн, спрашивали в рублях/тыс.",remark,remark,"решение 30.09: только замечание (как 1.8, 10.6)"
3.1,"Описка в промежуточной строке, дальше верно",remark,remark,
3.2,"Описка, исправленная самим учеником",ignore,ignore,
3.3,"Описка повлекла неверные вычисления, ответ совпал случайно",error,error,
3.4,"Условие переписано с ошибкой, решена другая задача",error,error,если выписано условие другой задачи с листка — проверить её и написать замечание; решение 30.09
3.5,"Знак сравнения перепутан в одной строке, дальше верно",remark,remark,
3.6,Лишний/потерянный минус в промежуточной строке без влияния,remark,remark,
3.7,"Зачёркнуто верное, оставлено неверное",error,error,
3.8,"Два варианта ответа, неясно какой итоговый",remark,remark,если оба неверные — ошибка; решение 30.09
3.9,Неразборчиво написанный ответ,curator,curator,есть решение — судить по шагам; нет — «?» / к куратору; решение 30.09
3.10,"Черновик вперемешку с чистовиком, в черновике ошибка",remark,remark,решение 30.09
3.11,"Неверная запись функции/степени (sin x² вместо sin²x), по смыслу решение верное",error,error,"решение 30.09: ошибка, не замечание (W013 1а)"
4.1,Скобка у бесконечности,remark,remark,
4.2,«=» между неравными вещами «стрелкой»,remark,remark,
4.3,Цепочка «=» с ложными равенствами по ходу,remark,remark,решение 30.09 (после пробы детектора): замечание в обоих режимах
4.4,"Система/совокупность: перепутаны скобки, логика верна",remark,remark,решение 30.09
4.5,"То же, но логика неверна («и» вместо «или»)",error,error,
4.6,Не введены обозначения,remark,remark,
4.7,Краткая запись данных в коротких задачах,ignore,ignore,
4.8,"Нет слова «Ответ», нет единиц в ответе",ignore,ignore,
4.9,Пропущены очевидные преобразования,ignore,ignore,
4.10,Пропущены неочевидные преобразования (результат верный),remark,remark,решение 30.09
4.11,"Рисунок вместо слов (отрезок, знаки производной)",error,ignore,решение 30.09; см. 5.5
5.1,"Не обоснован ключевой шаг, ход мыслей верный",error,error,
5.2,Пропущено очевидное обоснование,ignore,ignore,
5.3,Неверное обоснование верного утверждения,error,error,
5.4,Несуществующий признак / недостаточно данных,error,error,
5.5,Доказано по рисунку / на частном случае,error,error,только рисунок и ноль пояснений — ошибка; рисунок вспомогательный — норм; решение 30.09
5.6,В п. б) использован недоказанный п. а),error,ignore,"ЕГЭ: №13, 14, 17 — невыполненный а) при верном б) даёт 1 балл; №19 — пункты независимо (учесть новую нумерацию); вне ЕГЭ — не важно; решение 30.09"
5.7,"Оптимизация: не обосновано, что найденное — максимум",error,remark,"строго, только если это неочевидно; решение 30.09"
5.8,Параметр/числа: нет обоснования исчерпания случаев,remark,remark,решение 30.09
5.9,"Тренировочная задача: только ответ, где ждали решение",remark,remark,решение 30.09
6.1,"ОДЗ не выписана, посторонних корней нет",remark,remark,напоминать прописывать ОДЗ; решение 30.09
6.2,"ОДЗ не учтена, в ответе посторонний корень",error,error,
6.3,"ОДЗ записана неверно, на ответ не повлияло",error,remark,решение 30.09
6.4,Проверка подстановкой вместо ОДЗ,ignore,ignore,
6.5,Потеряна серия корней,error,error,
6.6,"Серии записаны иначе, но верно",ignore,ignore,
6.7,Не указано n ∈ ℤ,error,remark,решение 30.09
6.8,Отбор корней без обоснования,remark,remark,решение 30.09
6.9,При отборе потерян корень на границе,error,error,
6.10,"Деление на выражение с переменной без проверки на ноль, корень не потерян",error,error,решение 30.09
6.11,Обратная замена не сделана,error,remark,решение 30.09
6.12,Приближённое значение при сравнении с отрезком,ignore,ignore,решение 30.09
7.1,Граница промежутка включена/исключена неверно,error,error,
7.2,Потеряна изолированная точка,error,error,
7.3,"Метод интервалов: знаки не расставлены, ответ верный",remark,remark,решение 30.09
7.4,"Точки не выколоты/не закрашены, ответ верный",remark,remark,решение 30.09
7.5,Рационализация без условий применимости,remark,remark,решение 30.09
7.6,Домножение на выражение неизвестного знака,error,error,
7.7,"Ответ неравенством, а не промежутком",remark,ignore,решение 30.09
7.8,«Все x» / «нет решений» без обоснования,remark,remark,решение 30.09
7.9,В системе объединение вместо пересечения,error,error,
8.1,"Арифметическая ошибка, изменившая ответ",error,error,
8.2,Арифметическая ошибка без влияния на ответ,error,error,
8.3,"Округление, меняющее ответ",remark,remark,решение 30.09 (было «ошибка»): замечание и в экзаменном режиме
8.4,"Округление, когда нужен точный ответ",remark,remark,решение 30.09
8.5,"Промежуточное округление, итог чуть другой",remark,remark,решение 30.09
8.6,"Верный метод, вычисления не доведены",blank,blank,"пусто + замечание, что ход мыслей верный; решение 30.09"
8.7,Несколько ошибок по цепочке,error,error,одна ошибка + следствия
8.8,Верный ответ при двух компенсирующих ошибках,error,error,
9.1,"Нет чертежа, решение верное",remark,ignore,решение 30.09
9.2,"Чертёж неверный, вычисления верные",remark,remark,решение 30.09
9.3,"Факт «по чертежу», не данный и не доказанный",error,error,как 5.1
9.4,Построение сечения без объяснения,blank,blank,не размечаем (ответ — чертёж)
9.5,Обозначения на чертеже не совпадают с условием,remark,remark,решение 30.09
9.6,"Только ответ (ОГЭ ч. 1), решения нет",answer_only,answer_only,
9.7,"Два варианта расположения, рассмотрен один",error,error,не все случаи
9.8,Угол между прямыми найден тупым,error,error,"ошибка, если в задаче подразумеваются другие случаи; решение 30.09"
10.1,"В столбце «Выплата» только погашение долга, итог верный",remark,remark,
10.2,"Таблица выплат с описками, формула суммы верная",remark,remark,
10.3,"«Строго больше / не менее» перепутано, без влияния",error,remark,"решение 30.09: на экзамене ошибка, подтверждено после пробы детектора (W118 2)"
10.4,"То же, повлияло на выбор целого",error,error,
10.5,Сумма прогрессии «в лоб»,ignore,ignore,
10.6,Ответ в других единицах (млн / тыс. / руб.),remark,remark,см. 1.8; решение 30.09: только замечание
10.7,"Ставка в ответе как коэффициент (1,1 вместо 10%)",error,remark,решение 30.09
10.8,Не учтено условие «целое число»,remark,remark,решение 30.09 (было «ошибка»): замечание и в экзаменном режиме
10.9,Оптимизация: не проверены соседние целые / концы,remark,remark,решение 30.09
11.1,"Вероятность без решения, только число",answer_only,answer_only,
11.2,Вероятность несокращённой дробью,remark,remark,мягко: привести к десятичной; решение 30.09
11.3,Вероятность в процентах,remark,remark,см. 1.8
11.4,"Верный ответ, неверная запись события/формулы",error,remark,решение 30.09
11.5,"Только ответ верный, в черновике рядом ошибка",ignore,ignore,решение 30.09
11.6,"Список ответов, одна ошибка",error,error,ошибка только в этом пункте
12.1,Задача начата и брошена,blank,blank,не к куратору; решение 30.09
12.2,Задача полностью зачёркнута,blank,blank,
12.3,Заданная задача не решалась,blank,blank,проверяются только решённые
12.4,Решена не та задача (данные из соседней),as_solved,as_solved,"проверяем по решённой, пометка"
12.5,Номер у ученика не совпадает с условием,as_solved,as_solved,"соотнести и проверять то, что решал; решение 30.09"
12.6,"Решена лишняя, не заданная задача",as_solved,as_solved,размечаем как есть
